2021 output area,2021,Density
E00015169,"10,588.20",10588.2
E00015189,"20,689.70",20689.7
E00015190,"32,432.40",32432.4
E00015191,"18,817.20",18817.2
E00015192,"20,806.50",20806.5
E00015193,"8,250.00",8250
E00015194,"23,484.80",23484.8
E00015668,"18,319.30",18319.3
E00015688,"18,407.10",18407.1
E00015689,"13,177.10",13177.1
E00015695,"22,071.40",22071.4
E00015700,"42,191.80",42191.8
E00015702,"15,731.70",15731.7
E00015679,"12,318.20",12318.2
E00015680,"17,700.50",17700.5
E00015684,"10,272.70",10272.7
E00015686,"9,375.00",9375
E00171543,"25,657.90",25657.9
E00171546,"18,650.00",18650
E00171549,"12,296.30",12296.3
E00015690,"13,164.60",13164.6
E00015691,"67,179.50",67179.5
E00015692,"22,669.30",22669.3
E00015697,"43,100.00",43100
E00015699,"103,448.30",103448.3
E00015681,"29,850.70",29850.7
E00015682,"11,901.00",11901
E00015683,"4,459.50",4459.5
E00015687,"11,065.10",11065.1
E00015693,"20,566.00",20566
E00015701,"24,742.30",24742.3
E00015629,"38,108.10",38108.1
E00015660,"4,523.80",4523.8
E00015661,"12,708.30",12708.3
E00015662,"25,118.10",25118.1
E00015663,"20,000.00",20000
E00015667,"14,972.10",14972.1
E00015698,"11,855.20",11855.2
E00015704,"27,153.30",27153.3
E00015708,"19,145.70",19145.7
E00177484,"18,964.00",18964
E00015664,"11,477.30",11477.3
E00015670,"16,402.90",16402.9
E00015694,"16,159.40",16159.4
E00015696,"19,673.20",19673.2
E00015706,"25,865.90",25865.9
E00177518,"81,666.70",81666.7
E00177563,"13,031.40",13031.4
E00015665,"15,056.80",15056.8
E00015672,"15,193.80",15193.8
E00015673,"12,343.80",12343.8
E00015674,"11,428.60",11428.6
E00015677,"36,565.70",36565.7
E00015678,"10,025.30",10025.3
E00171542,"46,164.40",46164.4
E00171545,"4,767.40",4767.4
E00177547,"9,791.70",9791.7
E00177577,"4,050.00",4050
E00177587,"49,268.30",49268.3
E00015669,"39,482.80",39482.8
E00015671,"32,916.70",32916.7
E00015675,"6,632.30",6632.3
E00015676,"17,189.20",17189.2
E00015707,"13,596.50",13596.5
E00015623,"7,316.20",7316.2
E00015624,"15,952.40",15952.4
E00015628,"17,272.70",17272.7
E00015630,"15,702.10",15702.1
E00177690,"6,320.30",6320.3
E00177691,"4,980.10",4980.1
E00015621,"28,684.20",28684.2
E00015637,"13,600.00",13600
E00015640,"9,381.40",9381.4
E00015642,"32,115.40",32115.4
E00015647,"39,672.10",39672.1
E00015655,"24,687.50",24687.5
E00015788,"19,791.70",19791.7
E00015793,"11,907.20",11907.2
E00015795,"12,960.90",12960.9
E00177485,"18,221.30",18221.3
E00177522,"20,576.90",20576.9
E00177582,"35,309.70",35309.7
E00015789,"18,151.30",18151.3
E00015790,"29,259.30",29259.3
E00015791,"58,593.80",58593.8
E00015792,"12,586.20",12586.2
E00015796,"18,841.50",18841.5
E00171540,"44,210.50",44210.5
E00177502,"46,250.00",46250
E00177503,"119,545.50",119545.5
E00177504,"38,035.70",38035.7
E00177505,"41,290.30",41290.3
E00177688,"28,333.30",28333.3
E00177689,"16,400.00",16400
E00015620,"28,130.80",28130.8
E00015632,"17,333.30",17333.3
E00015636,"11,938.00",11938
E00015639,"16,293.10",16293.1
E00015627,"6,215.10",6215.1
E00177511,"11,142.00",11142
E00177572,"42,051.30",42051.3
E00177619,"14,298.20",14298.2
E00177692,"17,033.90",17033.9
E00177514,"14,927.50",14927.5
E00177555,"63,269.20",63269.2
E00177612,"30,540.50",30540.5
E00177634,"43,636.40",43636.4
E00177655,"15,678.00",15678
E00015641,"12,362.90",12362.9
E00015643,"22,553.20",22553.2
E00015648,"25,000.00",25000
E00015650,"16,349.20",16349.2
E00015654,"22,169.80",22169.8
E00015625,"4,222.80",4222.8
E00015631,"2,834.20",2834.2
E00015634,"29,714.30",29714.3
E00015635,"14,102.60",14102.6
E00015638,"4,012.90",4012.9
E00015633,"9,824.00",9824
E00015644,"22,727.30",22727.3
E00015645,"28,415.80",28415.8
E00015652,"18,947.40",18947.4
E00015653,"31,923.10",31923.1
E00015657,"29,090.90",29090.9
E00016077,"18,515.60",18515.6
E00016083,"12,491.30",12491.3
E00016086,"9,963.80",9963.8
E00016091,"9,623.10",9623.1
E00016094,"10,917.70",10917.7
E00016071,"5,259.30",5259.3
E00016072,"12,076.90",12076.9
E00016075,"11,472.60",11472.6
E00016076,"23,314.30",23314.3
E00016078,"10,398.40",10398.4
E00015646,"15,416.70",15416.7
E00015649,"25,395.70",25395.7
E00015651,"15,078.50",15078.5
E00015656,"18,849.60",18849.6
E00015658,"10,926.80",10926.8
E00015659,"13,545.00",13545
E00015757,"17,328.80",17328.8
E00015758,"18,082.90",18082.9
E00015761,"33,516.50",33516.5
E00015767,"53,090.90",53090.9
E00015798,"28,682.20",28682.2
E00015755,"15,740.70",15740.7
E00015766,"8,287.70",8287.7
E00015769,"11,233.80",11233.8
E00015772,"17,720.60",17720.6
E00015776,"7,226.30",7226.3
E00015799,"15,428.60",15428.6
E00015763,"37,500.00",37500
E00015764,"13,632.10",13632.1
E00015765,"24,494.40",24494.4
E00015768,"12,139.50",12139.5
E00015771,"12,676.10",12676.1
E00015754,"21,956.50",21956.5
E00015759,"26,722.70",26722.7
E00015760,"24,263.60",24263.6
E00015770,"30,000.00",30000
E00015794,"21,219.50",21219.5
E00016073,"24,895.80",24895.8
E00016074,"16,837.90",16837.9
E00016079,"24,146.30",24146.3
E00016080,"16,514.30",16514.3
E00016089,"16,287.40",16287.4
E00016098,"24,198.50",24198.5
E00016102,"25,252.50",25252.5
E00177486,"26,535.10",26535.1
E00016084,"35,176.50",35176.5
E00016088,"30,434.80",30434.8
E00016090,"18,400.00",18400
E00016092,"34,305.60",34305.6
E00016093,"13,923.40",13923.4
E00016101,"14,054.10",14054.1
E00016097,"16,850.00",16850
E00016100,"7,282.40",7282.4
E00016106,"9,330.70",9330.7
E00016108,"8,278.40",8278.4
E00016109,"7,253.90",7253.9
E00177541,"19,206.30",19206.3
E00177627,"55,937.50",55937.5
E00177631,"103,333.30",103333.3
E00177657,"23,475.20",23475.2
E00016066,"12,456.90",12456.9
E00016067,"13,651.50",13651.5
E00016087,"6,739.10",6739.1
E00016096,"19,360.70",19360.7
E00177509,"28,039.20",28039.2
E00177628,"31,242.90",31242.9
E00177654,"20,568.20",20568.2
E00015584,"13,813.20",13813.2
E00015585,"8,939.80",8939.8
E00015586,"16,521.70",16521.7
E00015587,"15,434.80",15434.8
E00015589,"31,779.70",31779.7
E00015594,"21,944.40",21944.4
E00015595,"11,243.20",11243.2
E00015600,"37,472.50",37472.5
E00015601,"41,875.00",41875
E00015603,"25,210.10",25210.1
E00015588,"29,230.80",29230.8
E00015591,"22,946.90",22946.9
E00015592,"11,226.20",11226.2
E00015596,"10,448.30",10448.3
E00177621,"79,782.60",79782.6
E00177673,"4,161.20",4161.2
E00015756,"12,869.60",12869.6
E00015773,"13,302.20",13302.2
E00015774,"19,222.20",19222.2
E00015777,"16,928.60",16928.6
E00015779,"33,551.40",33551.4
E00015778,"16,436.80",16436.8
E00015781,"21,658.00",21658
E00015783,"20,782.60",20782.6
E00015784,"18,685.30",18685.3
E00015785,"17,164.20",17164.2
E00015354,"11,877.10",11877.1
E00015355,"15,000.00",15000
E00015356,"28,875.00",28875
E00015360,"14,375.00",14375
E00015362,"31,655.60",31655.6
E00015359,"14,761.90",14761.9
E00015361,"32,187.50",32187.5
E00015366,"18,314.00",18314
E00015368,"7,775.20",7775.2
E00015371,"28,900.00",28900
E00015494,"17,382.20",17382.2
E00015496,"20,694.40",20694.4
E00015497,"13,915.10",13915.1
E00015499,"21,614.90",21614.9
E00015502,"60,684.90",60684.9
E00016068,"10,215.80",10215.8
E00016069,"5,931.40",5931.4
E00016103,"17,159.80",17159.8
E00016104,"11,162.10",11162.1
E00016105,"13,981.90",13981.9
E00016070,"13,776.60",13776.6
E00016107,"14,098.40",14098.4
E00016110,"17,058.80",17058.8
E00016111,"18,103.40",18103.4
E00015574,"27,410.70",27410.7
E00015578,"12,857.10",12857.1
E00015579,"15,458.50",15458.5
E00015581,"13,876.70",13876.7
E00015583,"23,760.70",23760.7
E00015593,"28,872.20",28872.2
E00015597,"20,056.20",20056.2
E00015598,"24,406.80",24406.8
E00177482,"29,125.00",29125
E00177525,"220,833.30",220833.3
E00177534,"53,108.10",53108.1
E00015605,"22,016.10",22016.1
E00015606,"23,821.10",23821.1
E00015609,"12,265.00",12265
E00015612,"19,655.20",19655.2
E00015614,"18,395.70",18395.7
E00015575,"26,080.00",26080
E00015577,"21,802.30",21802.3
E00015580,"6,612.90",6612.9
E00015611,"18,969.10",18969.1
E00015613,"13,720.90",13720.9
E00015617,"16,821.70",16821.7
E00015775,"5,438.30",5438.3
E00015782,"24,227.60",24227.6
E00015786,"11,911.10",11911.1
E00015787,"19,285.70",19285.7
E00177530,"43,762.40",43762.4
E00177564,"50,735.30",50735.3
E00015357,"16,940.60",16940.6
E00015358,"12,863.60",12863.6
E00171531,"22,568.30",22568.3
E00171532,"17,324.80",17324.8
E00177650,"21,493.20",21493.2
E00177682,"12,482.30",12482.3
E00015363,"8,040.40",8040.4
E00015372,"14,488.90",14488.9
E00015374,"6,681.30",6681.3
E00015375,"25,862.10",25862.1
E00015382,"8,934.10",8934.1
E00015341,"13,673.50",13673.5
E00015364,"9,884.10",9884.1
E00015367,"11,594.70",11594.7
E00015369,"28,267.70",28267.7
E00015373,"20,500.00",20500
E00015398,"15,559.30",15559.3
E00015401,"26,553.70",26553.7
E00015403,"24,144.10",24144.1
E00015404,"44,220.20",44220.2
E00177557,"31,621.60",31621.6
E00177596,"90,652.20",90652.2
E00015400,"18,081.60",18081.6
E00015402,"44,252.90",44252.9
E00015405,"15,734.60",15734.6
E00015406,"11,889.40",11889.4
E00015407,"30,217.40",30217.4
E00015408,"27,230.80",27230.8
E00015409,"24,206.30",24206.3
E00015413,"21,338.60",21338.6
E00015414,"9,708.00",9708
E00015332,"37,333.30",37333.3
E00015333,"9,338.50",9338.5
E00015334,"13,729.50",13729.5
E00015335,"13,778.50",13778.5
E00015337,"10,683.80",10683.8
E00015301,"17,357.10",17357.1
E00015309,"16,989.20",16989.2
E00015311,"19,144.40",19144.4
E00015316,"13,966.90",13966.9
E00015321,"10,189.60",10189.6
E00015293,"21,904.80",21904.8
E00015297,"14,973.80",14973.8
E00015300,"12,722.80",12722.8
E00015303,"24,301.10",24301.1
E00015305,"13,811.50",13811.5
E00015306,"11,279.60",11279.6
E00015582,"12,301.30",12301.3
E00015615,"24,122.10",24122.1
E00015616,"15,581.40",15581.4
E00015618,"12,871.30",12871.3
E00015619,"25,573.80",25573.8
E00171519,"18,554.90",18554.9
E00171551,"18,817.20",18817.2
E00015576,"12,520.50",12520.5
E00015602,"10,611.50",10611.5
E00015604,"10,363.60",10363.6
E00015607,"15,778.90",15778.9
E00015608,"6,713.00",6713
E00015298,"15,939.10",15939.1
E00015302,"9,561.00",9561
E00015336,"10,197.40",10197.4
E00015339,"12,818.50",12818.5
E00015340,"16,257.00",16257
E00015295,"12,701.40",12701.4
E00015296,"15,777.80",15777.8
E00015299,"12,186.00",12186
E00015304,"10,764.90",10764.9
E00015313,"11,716.00",11716
E00015338,"15,422.90",15422.9
E00015307,"14,488.60",14488.6
E00015315,"12,264.20",12264.2
E00015317,"12,007.60",12007.6
E00015319,"13,809.50",13809.5
E00015324,"6,795.60",6795.6
E00171520,"7,561.00",7561
E00171550,"36,000.00",36000
E00015294,"12,487.60",12487.6
E00015308,"19,473.70",19473.7
E00015312,"8,634.70",8634.7
E00015318,"9,790.90",9790.9
E00015325,"3,587.70",3587.7
E00015314,"13,645.30",13645.3
E00015322,"11,374.40",11374.4
E00015323,"12,834.20",12834.2
E00015326,"9,823.80",9823.8
E00015329,"10,156.30",10156.3
E00015487,"8,810.40",8810.4
E00015514,"7,445.30",7445.3
E00015517,"10,000.00",10000
E00015519,"6,673.30",6673.3
E00015522,"9,252.10",9252.1
E00015485,"8,545.50",8545.5
E00015486,"19,626.90",19626.9
E00015515,"4,034.80",4034.8
E00015516,"17,865.90",17865.9
E00015518,"14,885.50",14885.5
E00015495,"9,468.10",9468.1
E00015498,"28,017.20",28017.2
E00015501,"16,022.10",16022.1
E00015505,"1,366.40",1366.4
E00015506,"19,176.50",19176.5
E00177585,"48,369.60",48369.6
E00177638,"32,500.00",32500
E00015484,"17,500.00",17500
E00015503,"19,864.90",19864.9
E00015504,"23,968.30",23968.3
E00015508,"15,566.00",15566
E00015510,"17,149.50",17149.5
E00015507,"6,333.30",6333.3
E00015509,"12,907.00",12907
E00015511,"5,528.50",5528.5
E00015512,"9,337.70",9337.7
E00015513,"8,871.00",8871
E00015209,"18,607.00",18607
E00015210,"22,313.40",22313.4
E00015212,"10,939.00",10939
E00015217,"7,835.10",7835.1
E00015219,"11,889.80",11889.8
E00015221,"19,839.60",19839.6
E00015390,"12,463.20",12463.2
E00015410,"14,880.00",14880
E00015411,"23,760.00",23760
E00015412,"11,351.40",11351.4
E00015419,"16,089.40",16089.4
E00015416,"23,184.70",23184.7
E00015418,"19,795.90",19795.9
E00015428,"27,258.10",27258.1
E00177529,"32,395.80",32395.8
E00177552,"20,318.50",20318.5
E00177611,"27,571.40",27571.4
E00177641,"48,039.20",48039.2
E00177668,"17,567.60",17567.6
E00015423,"21,949.70",21949.7
E00015425,"22,067.00",22067
E00015426,"21,411.00",21411
E00015427,"17,185.60",17185.6
E00015429,"20,000.00",20000
E00015394,"21,267.60",21267.6
E00015397,"21,841.00",21841
E00015430,"24,160.60",24160.6
E00015431,"22,268.90",22268.9
E00015434,"20,098.50",20098.5
E00015207,"14,466.30",14466.3
E00015208,"7,650.60",7650.6
E00015211,"17,302.60",17302.6
E00015213,"12,346.20",12346.2
E00015214,"19,825.60",19825.6
E00015343,"6,612.00",6612
E00015345,"21,358.00",21358
E00015384,"35,166.70",35166.7
E00015386,"19,090.90",19090.9
E00015387,"16,069.70",16069.7
E00015378,"16,230.80",16230.8
E00015381,"11,681.70",11681.7
E00015383,"20,526.30",20526.3
E00015388,"20,619.00",20619
E00177533,"33,703.70",33703.7
E00177629,"19,628.30",19628.3
E00015391,"17,828.30",17828.3
E00015417,"7,617.80",7617.8
E00015421,"21,360.00",21360
E00015422,"11,369.00",11369
E00015424,"8,536.60",8536.6
E00015432,"11,566.30",11566.3
E00016043,"3,982.30",3982.3
E00016044,"11,390.10",11390.1
E00016045,"32,158.30",32158.3
E00016046,"19,293.70",19293.7
E00016047,"19,503.10",19503.1
E00016048,"18,571.40",18571.4
E00015250,"12,622.40",12622.4
E00015266,"25,138.90",25138.9
E00015283,"16,420.20",16420.2
E00015285,"13,219.50",13219.5
E00015288,"7,872.30",7872.3
E00015291,"10,137.50",10137.5
E00015280,"10,486.70",10486.7
E00015281,"9,782.00",9782
E00015282,"15,132.30",15132.3
E00015284,"3,752.50",3752.5
E00015286,"11,737.30",11737.3
E00015287,"13,309.60",13309.6
E00015320,"20,400.00",20400
E00015327,"10,776.30",10776.3
E00015328,"20,432.10",20432.1
E00015330,"13,568.60",13568.6
E00015331,"17,638.20",17638.2
E00015392,"15,573.80",15573.8
E00015393,"15,490.20",15490.2
E00015395,"20,389.60",20389.6
E00015396,"17,348.10",17348.1
E00015433,"20,894.70",20894.7
E00015346,"16,250.00",16250
E00015347,"17,512.00",17512
E00015348,"15,989.80",15989.8
E00015349,"14,029.10",14029.1
E00015351,"14,705.90",14705.9
E00015344,"28,632.50",28632.5
E00015350,"15,547.90",15547.9
E00015352,"22,835.80",22835.8
E00015385,"17,474.70",17474.7
E00015389,"30,309.30",30309.3
E00015370,"8,991.90",8991.9
E00015376,"8,456.50",8456.5
E00015379,"9,598.70",9598.7
E00015380,"9,506.60",9506.6
E00177536,"23,333.30",23333.3
E00177609,"45,714.30",45714.3
E00177663,"7,979.50",7979.5
E00015489,"11,196.80",11196.8
E00015520,"9,140.20",9140.2
E00015523,"13,958.30",13958.3
E00015524,"15,200.00",15200
E00171524,"14,183.30",14183.3
E00171525,"36,447.40",36447.4
E00015488,"15,280.90",15280.9
E00015490,850.2,850.2
E00015491,"3,688.10",3688.1
E00015492,"17,234.00",17234
E00015493,"11,915.50",11915.5
E00015525,"14,511.00",14511
E00015251,"10,414.90",10414.9
E00015252,965.1,965.1
E00015259,"17,555.60",17555.6
E00015262,"15,029.60",15029.6
E00015263,"12,592.60",12592.6
E00015267,"13,100.40",13100.4
E00015253,"13,032.80",13032.8
E00015261,"7,644.40",7644.4
E00015289,"13,274.60",13274.6
E00015292,"13,549.60",13549.6
E00015260,"15,972.20",15972.2
E00015264,"10,449.00",10449
E00015270,"13,431.40",13431.4
E00015272,"8,324.70",8324.7
E00015273,"9,137.40",9137.4
E00015257,"4,905.40",4905.4
E00015265,"13,838.90",13838.9
E00015268,"18,000.00",18000
E00015269,"17,079.60",17079.6
E00015274,"14,977.60",14977.6
E00015254,"5,436.20",5436.2
E00015255,"11,032.00",11032
E00015256,"20,084.00",20084
E00015258,"13,694.00",13694
E00015290,"17,104.10",17104.1
E00015215,"15,454.50",15454.5
E00015216,"10,228.60",10228.6
E00015218,"13,812.20",13812.2
E00015220,"12,829.30",12829.3
E00015222,"15,326.10",15326.1
E00015223,"16,168.80",16168.8
E00015228,"12,159.40",12159.4
E00016025,"13,793.10",13793.1
E00016027,"17,204.30",17204.3
E00016059,"17,106.60",17106.6
E00016060,"13,469.40",13469.4
E00016062,"17,594.00",17594
E00016063,"15,395.30",15395.3
E00016023,"16,521.70",16521.7
E00016026,"10,719.70",10719.7
E00016029,"12,070.20",12070.2
E00016030,"16,648.40",16648.4
E00016032,"11,804.70",11804.7
E00016021,"13,711.30",13711.3
E00016049,"20,130.70",20130.7
E00016050,"18,835.00",18835
E00016052,"17,017.50",17017.5
E00016053,"14,112.90",14112.9
E00016022,"17,500.00",17500
E00016051,"13,835.60",13835.6
E00016054,"20,426.80",20426.8
E00016055,"14,507.00",14507
E00016056,"8,449.40",8449.4
E00015203,"7,448.80",7448.8
E00015224,"16,805.60",16805.6
E00015225,"22,135.90",22135.9
E00015227,"18,037.40",18037.4
E00177601,"16,241.60",16241.6
E00177620,"10,552.10",10552.1
E00015226,"13,255.80",13255.8
E00015229,"10,943.40",10943.4
E00015230,"12,690.10",12690.1
E00015231,"14,512.80",14512.8
E00015234,"16,298.30",16298.3
E00015235,"15,230.10",15230.1
E00015237,"18,066.70",18066.7
E00015239,"16,697.20",16697.2
E00015240,"12,702.70",12702.7
E00015241,"35,135.10",35135.1
E00015244,"14,270.00",14270
E00177516,"33,207.50",33207.5
E00177608,"75,333.30",75333.3
E00015232,"10,569.30",10569.3
E00015236,"11,719.50",11719.5
E00015238,"24,324.30",24324.3
E00015242,"13,836.70",13836.7
E00015245,"18,904.10",18904.1
E00015247,"23,684.20",23684.2
E00015204,"9,676.60",9676.6
E00015205,"17,586.20",17586.2
E00015206,"14,370.10",14370.1
E00015243,"15,493.80",15493.8
E00015246,"14,688.80",14688.8
E00015249,"11,407.20",11407.2
E00015825,"14,072.20",14072.2
E00015826,"19,470.90",19470.9
E00015828,"17,073.20",17073.2
E00015831,"10,618.60",10618.6
E00015832,"15,230.80",15230.8
E00015835,"11,887.80",11887.8
E00015827,"11,715.70",11715.7
E00015829,"16,257.00",16257
E00015830,"10,171.40",10171.4
E00015833,"58,275.90",58275.9
E00015834,"14,327.50",14327.5
E00015842,"14,484.50",14484.5
E00015939,"8,000.00",8000
E00015940,"9,736.10",9736.1
E00015941,"14,174.20",14174.2
E00015943,"44,626.90",44626.9
E00015948,"12,226.70",12226.7
E00015942,"10,731.70",10731.7
E00015945,"7,842.60",7842.6
E00015947,"17,480.60",17480.6
E00015949,"45,500.00",45500
E00015950,"16,319.40",16319.4
E00015951,"7,034.70",7034.7
E00015952,"18,202.20",18202.2
E00015956,"21,751.40",21751.4
E00015957,"27,400.00",27400
E00015963,"22,582.80",22582.8
E00015964,"18,128.70",18128.7
E00015271,"15,419.00",15419
E00015275,"16,092.00",16092
E00015276,"18,411.80",18411.8
E00015277,"18,737.90",18737.9
E00015278,"17,770.70",17770.7
E00015279,"19,180.30",19180.3
E00015959,"11,225.30",11225.3
E00015961,"18,846.20",18846.2
E00015965,"12,650.20",12650.2
E00015968,"14,683.50",14683.5
E00015970,"14,858.80",14858.8
E00015977,"12,874.30",12874.3
E00015958,"5,157.90",5157.9
E00015969,"8,308.20",8308.2
E00015972,"13,615.40",13615.4
E00015976,"14,840.20",14840.2
E00015978,"14,321.60",14321.6
E00015937,"13,589.70",13589.7
E00015938,"15,789.50",15789.5
E00015973,"9,115.60",9115.6
E00015974,"17,209.30",17209.3
E00015975,"15,855.90",15855.9
E00015979,"15,639.10",15639.1
E00015980,"10,793.00",10793
E00015944,"14,850.30",14850.3
E00015946,"12,486.50",12486.5
E00015953,"9,131.70",9131.7
E00015954,"14,043.70",14043.7
E00015960,"8,598.10",8598.1
E00015955,"7,248.90",7248.9
E00015962,"11,883.40",11883.4
E00015966,"9,076.50",9076.5
E00015967,"7,540.60",7540.6
E00015971,"6,464.80",6464.8
E00015800,"11,957.00",11957
E00015802,"6,863.20",6863.2
E00015841,"9,416.90",9416.9
E00015844,"14,264.00",14264
E00016028,"11,728.40",11728.4
E00016031,"26,443.00",26443
E00016033,"14,955.80",14955.8
E00016036,"11,992.50",11992.5
E00171530,"19,150.30",19150.3
E00171541,"17,472.50",17472.5
E00016038,"18,782.60",18782.6
E00016039,"9,512.80",9512.8
E00016040,"14,070.80",14070.8
E00016041,"15,723.10",15723.1
E00016042,"10,646.60",10646.6
E00016020,"14,125.00",14125
E00016034,"11,003.00",11003
E00016035,"15,572.00",15572
E00016037,"11,672.40",11672.4
E00016057,"27,786.90",27786.9
E00016058,"45,066.70",45066.7
E00016061,"11,169.40",11169.4
E00016064,"24,887.20",24887.2
E00016065,"21,830.10",21830.1
E00015981,"11,666.70",11666.7
E00016011,"10,336.30",10336.3
E00016015,"15,769.20",15769.2
E00016016,"14,804.30",14804.3
E00016017,"16,132.80",16132.8
E00016018,"8,314.90",8314.9
E00015982,"6,773.50",6773.5
E00015989,"18,609.90",18609.9
E00015991,"7,727.30",7727.3
E00015993,"11,447.40",11447.4
E00016019,"6,457.30",6457.3
E00016000,"24,722.20",24722.2
E00016001,"12,828.30",12828.3
E00016002,"12,268.90",12268.9
E00016004,"8,011.90",8011.9
E00016009,"3,256.30",3256.3
E00015984,"15,921.50",15921.5
E00015999,"13,502.80",13502.8
E00016006,"11,515.90",11515.9
E00016008,"9,237.50",9237.5
E00016012,"12,244.10",12244.1
E00016013,"14,059.00",14059
E00015998,"13,959.70",13959.7
E00016003,"10,580.90",10580.9
E00016005,"4,737.60",4737.6
E00016007,"4,250.60",4250.6
E00016010,"4,352.00",4352
E00016014,"5,247.30",5247.3
E00015804,"12,356.30",12356.3
E00015810,"14,854.40",14854.4
E00015812,"10,095.20",10095.2
E00015836,"16,460.70",16460.7
E00015838,"10,287.80",10287.8
E00015845,"15,958.90",15958.9
E00015805,"17,883.20",17883.2
E00015814,"7,027.00",7027
E00015843,"7,695.90",7695.9
E00015847,"7,814.00",7814
E00177556,"44,210.50",44210.5
E00177573,"32,150.50",32150.5
E00177626,"18,782.60",18782.6
E00177671,"17,266.20",17266.2
E00015803,"18,526.30",18526.3
E00015817,"14,349.80",14349.8
E00015821,"15,063.80",15063.8
E00015824,"14,945.10",14945.1
E00177562,"32,205.90",32205.9
E00177646,"30,820.90",30820.9
E00015809,"16,060.60",16060.6
E00015813,"8,754.70",8754.7
E00015837,"10,294.10",10294.1
E00015839,"10,609.80",10609.8
E00015840,"10,219.80",10219.8
E00015846,"12,687.20",12687.2
E00015890,"15,666.70",15666.7
E00015909,"10,636.00",10636
E00015912,"20,219.80",20219.8
E00015915,"12,126.20",12126.2
E00015919,"14,368.40",14368.4
E00015920,"17,709.50",17709.5
E00015551,"4,562.40",4562.4
E00015552,"10,970.10",10970.1
E00015553,"9,114.30",9114.3
E00015554,"9,025.10",9025.1
E00015555,"6,821.50",6821.5
E00015556,"17,329.50",17329.5
E00015557,"11,500.00",11500
E00015558,"14,304.20",14304.2
E00015559,"16,298.30",16298.3
E00015560,"9,606.10",9606.1
E00015807,"13,082.70",13082.7
E00015808,"10,294.10",10294.1
E00015811,"12,369.50",12369.5
E00015818,"9,441.00",9441
E00015819,"6,167.60",6167.6
E00015806,"9,312.30",9312.3
E00015815,"10,309.60",10309.6
E00015816,"6,588.20",6588.2
E00015820,"14,798.00",14798
E00015822,"17,346.90",17346.9
E00015911,"7,916.70",7916.7
E00015914,"13,516.00",13516
E00015917,"7,154.00",7154
E00015918,"11,812.50",11812.5
E00015922,"6,517.90",6517.9
E00015928,"8,745.60",8745.6
E00015443,"14,312.80",14312.8
E00015475,"12,434.80",12434.8
E00015476,"7,611.20",7611.2
E00015477,"13,535.90",13535.9
E00015478,"6,428.60",6428.6
E00015436,"10,717.00",10717
E00015438,"2,009.30",2009.3
E00015440,"6,110.00",6110
E00015447,"13,063.40",13063.4
E00015451,"5,580.90",5580.9
E00015479,"8,216.60",8216.6
E00015527,"13,268.30",13268.3
E00015528,"15,279.20",15279.2
E00015562,"9,164.00",9164
E00015563,"8,181.80",8181.8
E00015565,"11,470.60",11470.6
E00015567,"5,923.40",5923.4
E00015983,"8,843.00",8843
E00015985,"6,943.90",6943.9
E00015987,"7,186.50",7186.5
E00015990,"21,526.70",21526.7
E00015992,"15,407.70",15407.7
E00015997,"16,187.50",16187.5
E00015986,"10,078.90",10078.9
E00015988,"15,963.30",15963.3
E00015994,"5,567.20",5567.2
E00015995,"6,929.30",6929.3
E00015996,"11,327.20",11327.2
E00015712,"7,128.50",7128.5
E00015713,"19,567.90",19567.9
E00015732,"6,183.40",6183.4
E00015734,"4,089.40",4089.4
E00015738,"9,260.50",9260.5
E00015733,"9,403.50",9403.5
E00015735,"8,619.00",8619
E00015736,"11,638.40",11638.4
E00015737,"8,542.40",8542.4
E00015739,"23,636.40",23636.4
E00015740,"20,849.70",20849.7
E00015741,"12,338.70",12338.7
E00015742,"8,148.10",8148.1
E00015743,"6,374.50",6374.5
E00015744,"9,849.60",9849.6
E00015745,"9,521.40",9521.4
E00015910,"15,071.80",15071.8
E00015913,"46,231.90",46231.9
E00015916,"29,400.00",29400
E00015924,"9,736.10",9736.1
E00015929,"12,328.80",12328.8
E00177515,"20,242.70",20242.7
E00177684,"45,853.70",45853.7
E00015921,"10,210.80",10210.8
E00015923,"10,696.90",10696.9
E00015927,"9,682.50",9682.5
E00015931,"10,156.70",10156.7
E00015932,"17,441.90",17441.9
E00015934,"11,200.00",11200
E00015526,"10,243.20",10243.2
E00015561,"13,221.80",13221.8
E00015566,"8,361.80",8361.8
E00015568,"11,498.10",11498.1
E00015572,"9,333.30",9333.3
E00015529,"13,514.90",13514.9
E00015564,"8,148.10",8148.1
E00015569,"12,551.40",12551.4
E00015570,"10,985.40",10985.4
E00015573,"10,095.50",10095.5
E00015530,"6,666.70",6666.7
E00015536,"11,136.40",11136.4
E00015537,"7,020.90",7020.9
E00015540,"7,083.30",7083.3
E00015542,"8,750.00",8750
E00015571,"10,150.00",10150
E00015894,"12,400.00",12400
E00015895,"10,630.90",10630.9
E00015898,"6,928.30",6928.3
E00015902,"7,839.10",7839.1
E00015935,"3,792.50",3792.5
E00015891,"9,341.30",9341.3
E00015892,"7,959.20",7959.2
E00015897,"11,335.00",11335
E00015925,"14,093.60",14093.6
E00015926,"10,997.30",10997.3
E00015930,"13,047.60",13047.6
E00015437,"12,821.20",12821.2
E00015444,"9,703.40",9703.4
E00015481,"10,980.40",10980.4
E00015482,"22,673.30",22673.3
E00015483,"15,609.80",15609.8
E00015439,"15,950.00",15950
E00015446,"17,797.60",17797.6
E00015448,"13,736.30",13736.3
E00015450,"12,129.00",12129
E00015452,"4,134.30",4134.3
E00015454,"5,985.20",5985.2
E00015531,"9,655.20",9655.2
E00015532,"13,902.40",13902.4
E00015533,"14,397.20",14397.2
E00015534,"13,428.60",13428.6
E00015538,"7,545.80",7545.8
E00015541,"10,370.40",10370.4
E00015535,"13,582.90",13582.9
E00015539,"6,349.20",6349.2
E00015543,"16,200.00",16200
E00015544,"14,444.40",14444.4
E00015549,"10,151.50",10151.5
E00015545,"10,360.80",10360.8
E00015546,"8,113.80",8113.8
E00015547,"13,041.50",13041.5
E00015548,"16,367.90",16367.9
E00015550,"19,597.70",19597.7
E00015714,"7,833.30",7833.3
E00015715,"18,139.50",18139.5
E00015719,"11,728.80",11728.8
E00015720,"6,605.30",6605.3
E00015721,"15,422.90",15422.9
E00015722,"15,064.90",15064.9
E00015710,"6,614.20",6614.2
E00015711,"6,688.00",6688
E00015723,"17,231.80",17231.8
E00015724,"10,815.70",10815.7
E00015726,"10,313.70",10313.7
E00177569,"153,333.30",153333.3
E00177592,"11,238.90",11238.9
E00177667,"108,666.70",108666.7
E00015709,"17,542.40",17542.4
E00015717,"10,133.80",10133.8
E00015746,"11,960.80",11960.8
E00015748,"9,157.50",9157.5
E00015749,"10,529.80",10529.8
E00015751,"14,178.10",14178.1
E00015716,"14,615.40",14615.4
E00015747,"14,896.10",14896.1
E00015750,"16,855.30",16855.3
E00015752,"14,759.80",14759.8
E00015753,"12,777.80",12777.8
E00177648,"29,569.90",29569.9
E00177660,"22,580.60",22580.6
E00177675,"31,777.80",31777.8
E00015893,"7,438.40",7438.4
E00015896,"14,362.70",14362.7
E00015899,"11,328.70",11328.7
E00015900,"10,344.80",10344.8
E00015933,"6,632.10",6632.1
E00015936,"9,679.50",9679.5
E00015901,"13,740.20",13740.2
E00015903,"10,896.60",10896.6
E00015904,"14,186.00",14186
E00015905,"9,461.30",9461.3
E00015906,"15,098.00",15098
E00015907,"9,839.20",9839.2
E00015465,"19,202.10",19202.1
E00015466,"11,095.90",11095.9
E00015468,"16,190.50",16190.5
E00015469,"13,715.40",13715.4
E00015470,"10,866.10",10866.1
E00015472,"12,262.80",12262.8
E00015463,"12,090.20",12090.2
E00015464,"12,075.50",12075.5
E00015467,"11,538.50",11538.5
E00015471,"9,866.10",9866.1
E00015473,"13,013.70",13013.7
E00015474,"8,199.10",8199.1
E00015435,"11,097.60",11097.6
E00015445,"9,873.40",9873.4
E00015449,"12,732.70",12732.7
E00015453,"6,849.70",6849.7
E00015480,"11,930.50",11930.5
E00015441,"1,916.30",1916.3
E00015442,"10,000.00",10000
E00015458,"20,360.40",20360.4
E00015460,"10,781.30",10781.3
E00015462,"9,532.20",9532.2
E00015455,"8,800.00",8800
E00015456,"12,804.90",12804.9
E00015457,"11,935.50",11935.5
E00015459,"17,000.00",17000
E00015461,"12,935.80",12935.8
E00015727,"15,833.30",15833.3
E00015728,"19,290.30",19290.3
E00015729,"12,169.10",12169.1
E00015730,"14,099.10",14099.1
E00015731,"15,081.30",15081.3
E00015860,"18,235.30",18235.3
E00015865,"7,795.30",7795.3
E00015877,"15,438.00",15438
E00015878,"11,593.60",11593.6
E00015886,"9,562.00",9562
E00015849,"2,143.70",2143.7
E00015850,"1,558.70",1558.7
E00015864,"8,638.20",8638.2
E00015866,"9,616.40",9616.4
E00015852,"8,458.10",8458.1
E00015862,"12,802.50",12802.5
E00015868,"9,659.90",9659.9
E00015871,"12,259.60",12259.6
E00015872,"8,582.50",8582.5
E00015851,"8,920.50",8920.5
E00015869,"14,966.90",14966.9
E00015875,"11,829.60",11829.6
E00015881,"11,293.40",11293.4
E00015882,"13,571.40",13571.4
E00015870,"10,817.80",10817.8
E00015876,"14,906.50",14906.5
E00015880,"12,247.20",12247.2
E00015884,"11,864.40",11864.4
E00015885,"10,758.60",10758.6
E00015848,"8,177.90",8177.9
E00015858,"13,613.10",13613.1
E00015861,"12,553.80",12553.8
E00015883,"10,740.70",10740.7
E00015856,"14,396.60",14396.6
E00015857,"8,971.00",8971
E00015859,"8,144.80",8144.8
E00015889,"10,623.10",10623.1
E00015854,"10,927.80",10927.8
E00015855,"12,579.20",12579.2
E00015879,"5,884.50",5884.5
E00015887,"13,279.40",13279.4
E00015888,"8,969.80",8969.8
E00015853,"19,214.00",19214
E00015863,"14,615.40",14615.4
E00015867,"9,699.60",9699.6
E00015873,"15,257.70",15257.7
E00015874,"10,268.70",10268.7
E00015176,"51,363.60",51363.6
E00015181,"7,197.00",7197
E00015184,"4,125.60",4125.6
E00171534,"29,761.90",29761.9
E00171535,"3,727.40",3727.4
E00177565,"4,977.90",4977.9
E00177591,"4,896.70",4896.7
E00015168,"9,720.10",9720.1
E00015182,"16,347.80",16347.8
E00015183,"2,330.60",2330.6
E00015185,"10,549.00",10549
E00015186,"33,823.50",33823.5
E00015187,"12,477.10",12477.1
E00015188,"9,210.50",9210.5
E00015195,"13,885.10",13885.1
E00015196,"20,882.40",20882.4
E00171533,"4,996.20",4996.2
E00015171,"11,397.80",11397.8
E00015172,"11,442.30",11442.3
E00015197,"16,802.70",16802.7
E00015198,"27,162.20",27162.2
E00015199,"19,891.30",19891.3
E00015201,"12,295.10",12295.1
E00015202,"3,853.80",3853.8
E00015167,"21,186.40",21186.4
E00015173,"7,228.90",7228.9
E00015175,"6,384.60",6384.6
E00015178,"18,469.40",18469.4
E00015179,"48,809.50",48809.5
E00165807,"12,857.10",12857.1
E00177599,"19,109.90",19109.9
E00177615,"36,087.00",36087
E00177649,"1,059.00",1059
E00177676,"2,711.90",2711.9
E00016403,"96,923.10",96923.1
E00016437,"47,222.20",47222.2
E00016442,"119,375.00",119375
E00182593,"16,987.20",16987.2
E00182632,"11,021.00",11021
E00016399,"20,676.70",20676.7
E00016401,"32,486.50",32486.5
E00016406,"8,655.30",8655.3
E00016435,"20,249.00",20249
E00016404,"12,633.50",12633.5
E00016405,"16,852.80",16852.8
E00016408,"5,441.90",5441.9
E00016410,"9,591.20",9591.2
E00016438,"10,513.80",10513.8
E00182573,"9,081.30",9081.3
E00182590,"39,130.40",39130.4
E00016398,"13,054.20",13054.2
E00016431,"33,209.90",33209.9
E00016432,"20,237.00",20237
E00173943,"15,020.40",15020.4
E00182538,"15,559.30",15559.3
E00182563,"37,435.90",37435.9
E00182623,"36,750.00",36750
E00182627,"29,731.50",29731.5
E00182629,"47,708.30",47708.3
E00182633,"43,250.00",43250
E00182552,"47,500.00",47500
E00182556,"29,122.80",29122.8
E00182595,"40,000.00",40000
E00182598,"9,455.30",9455.3
E00182624,"30,580.60",30580.6
E00016436,"23,709.70",23709.7
E00016440,"45,500.00",45500
E00016441,"11,065.60",11065.6
E00182551,"15,733.30",15733.3
E00182558,"29,104.50",29104.5
E00016412,"4,561.90",4561.9
E00016414,"13,643.40",13643.4
E00016422,"14,406.80",14406.8
E00182577,"8,493.60",8493.6
E00182581,"20,840.30",20840.3
E00182619,"14,117.60",14117.6
E00182625,"23,103.40",23103.4
E00016402,"21,216.20",21216.2
E00016407,"4,600.40",4600.4
E00016409,"4,763.10",4763.1
E00016411,"4,316.30",4316.3
E00016413,"16,262.60",16262.6
E00016415,"4,238.60",4238.6
E00016416,"15,523.30",15523.3
E00016419,"3,960.90",3960.9
E00016420,"26,083.90",26083.9
E00173947,"11,526.30",11526.3
E00173948,"52,000.00",52000
E00016417,"16,829.30",16829.3
E00016421,"27,019.20",27019.2
E00016423,"24,469.70",24469.7
E00016424,"39,146.30",39146.3
E00016427,"15,854.90",15854.9
E00016396,"8,327.50",8327.5
E00016426,"17,257.10",17257.1
E00016428,"7,578.30",7578.3
E00016429,"6,551.70",6551.7
E00016430,"16,424.20",16424.2
E00016680,"15,363.10",15363.1
E00016716,"1,227.20",1227.2
E00016717,"18,534.50",18534.5
E00016719,"8,333.30",8333.3
E00016720,"10,863.80",10863.8
E00016725,"24,285.70",24285.7
E00016706,"11,450.40",11450.4
E00016708,"13,961.50",13961.5
E00016709,"18,803.40",18803.4
E00016714,"14,509.80",14509.8
E00016715,"6,327.30",6327.3
E00016675,"25,833.30",25833.3
E00016683,"13,238.90",13238.9
E00016697,"5,092.30",5092.3
E00173940,"20,510.20",20510.2
E00173949,"8,062.30",8062.3
E00182599,"16,633.30",16633.3
E00182644,"62,592.60",62592.6
E00182645,"33,275.90",33275.9
E00016684,"9,726.00",9726
E00016687,"9,651.70",9651.7
E00016718,"21,475.40",21475.4
E00016721,"11,535.40",11535.4
E00016723,"20,967.70",20967.7
E00182579,"20,746.90",20746.9
E00182584,"14,693.90",14693.9
E00016679,"14,294.10",14294.1
E00016689,"13,392.90",13392.9
E00016693,"17,580.10",17580.1
E00016701,"23,125.00",23125
E00182546,"19,787.20",19787.2
E00182555,"35,919.50",35919.5
E00016210,"13,742.50",13742.5
E00016239,"13,450.70",13450.7
E00016241,"11,734.70",11734.7
E00016245,"39,500.00",39500
E00182582,"27,777.80",27777.8
E00182585,"18,543.70",18543.7
E00182587,"36,544.10",36544.1
E00016211,"16,000.00",16000
E00016213,"19,183.70",19183.7
E00016244,"9,525.20",9525.2
E00016250,"15,026.70",15026.7
E00174011,"16,875.00",16875
E00182537,"17,409.80",17409.8
E00016216,"11,266.20",11266.2
E00016246,"5,746.80",5746.8
E00016248,"9,534.90",9534.9
E00016252,"9,331.50",9331.5
E00182561,"15,379.30",15379.3
E00182588,"10,777.80",10777.8
E00182626,"7,095.40",7095.4
E00016214,"7,440.90",7440.9
E00016215,"13,920.00",13920
E00016217,"9,840.00",9840
E00016237,"4,837.70",4837.7
E00016247,"13,127.60",13127.6
E00016253,"11,505.80",11505.8
E00016209,"11,103.10",11103.1
E00016235,"14,669.80",14669.8
E00016238,"10,467.50",10467.5
E00173941,"4,731.60",4731.6
E00173942,"21,834.90",21834.9
E00016881,"17,757.80",17757.8
E00016915,"11,833.30",11833.3
E00016916,"15,822.80",15822.8
E00016920,"18,620.70",18620.7
E00173950,"16,354.70",16354.7
E00173951,"9,635.30",9635.3
E00016921,"9,690.70",9690.7
E00016922,"10,342.20",10342.2
E00016923,"11,946.30",11946.3
E00016925,"13,986.30",13986.3
E00016926,"10,596.60",10596.6
E00016917,"10,516.90",10516.9
E00016918,"15,981.90",15981.9
E00016919,"8,088.60",8088.6
E00016924,"13,710.70",13710.7
E00016927,"12,643.20",12643.2
E00016879,"10,472.60",10472.6
E00016884,"5,103.00",5103
E00016886,"10,541.40",10541.4
E00016893,"6,505.30",6505.3
E00016885,"11,267.60",11267.6
E00016887,"10,466.10",10466.1
E00016889,"12,259.40",12259.4
E00016890,"15,989.30",15989.3
E00016895,"9,127.70",9127.7
E00016159,"3,324.80",3324.8
E00016173,"7,044.30",7044.3
E00016176,"8,200.50",8200.5
E00016184,"7,286.60",7286.6
E00016186,"9,745.80",9745.8
E00016188,"6,947.90",6947.9
E00016164,"10,126.60",10126.6
E00016170,"13,311.00",13311
E00016175,"9,621.00",9621
E00016181,"9,966.20",9966.2
E00016182,"10,798.70",10798.7
E00016162,"9,400.70",9400.7
E00016198,"12,915.40",12915.4
E00016202,"44,356.40",44356.4
E00016205,"7,674.40",7674.4
E00016208,"1,713.00",1713
E00016200,"41,477.30",41477.3
E00182536,"7,319.30",7319.3
E00182566,"33,786.40",33786.4
E00182634,"42,888.90",42888.9
E00016163,"9,488.10",9488.1
E00016165,"7,401.10",7401.1
E00016168,"5,017.80",5017.8
E00016169,"3,978.70",3978.7
E00016172,"12,316.40",12316.4
E00016177,"8,532.40",8532.4
E00016219,"6,117.60",6117.6
E00016220,"6,620.10",6620.1
E00016221,"11,347.50",11347.5
E00016223,"7,888.90",7888.9
E00016225,"12,085.30",12085.3
E00016255,"5,781.30",5781.3
E00016218,"9,137.30",9137.3
E00016222,"10,390.00",10390
E00016224,"6,802.70",6802.7
E00016226,"10,793.70",10793.7
E00016227,"9,856.10",9856.1
E00016228,"8,627.50",8627.5
E00016229,"8,598.30",8598.3
E00016230,"9,343.40",9343.4
E00016231,"12,745.10",12745.1
E00016232,"14,051.70",14051.7
E00016233,"16,926.80",16926.8
E00016212,"14,000.00",14000
E00016249,"9,598.40",9598.4
E00016254,"8,397.60",8397.6
E00173952,"12,928.20",12928.2
E00174016,"14,153.00",14153
E00174022,"3,306.10",3306.1
E00174008,"49,444.40",49444.4
E00174010,"39,811.30",39811.3
E00174013,"38,421.10",38421.1
E00174015,"17,861.60",17861.6
E00174025,"8,560.00",8560
E00174027,"48,857.10",48857.1
E00016178,"8,666.70",8666.7
E00016179,"11,614.00",11614
E00016180,"4,859.30",4859.3
E00016187,"9,613.10",9613.1
E00016189,"13,389.10",13389.1
E00016166,"9,479.80",9479.8
E00016167,"1,688.90",1688.9
E00016171,567.6,567.6
E00016174,"4,841.50",4841.5
E00016204,"9,190.10",9190.1
E00016206,"7,958.00",7958
E00016160,"8,532.10",8532.1
E00016183,"6,857.10",6857.1
E00016185,"4,729.20",4729.2
E00016191,"5,326.50",5326.5
E00016195,"7,267.60",7267.6
E00016197,"9,296.20",9296.2
E00016161,"13,212.90",13212.9
E00016190,"10,432.90",10432.9
E00016192,"10,501.50",10501.5
E00016193,"22,061.10",22061.1
E00016194,"16,983.20",16983.2
E00016196,"12,662.90",12662.9
E00016905,"16,551.70",16551.7
E00016907,"6,906.20",6906.2
E00016908,"14,235.30",14235.3
E00016910,"15,000.00",15000
E00016912,"16,878.60",16878.6
E00016909,"10,536.70",10536.7
E00016911,"16,666.70",16666.7
E00016913,"7,269.50",7269.5
E00016914,"15,238.10",15238.1
E00016896,"7,063.10",7063.1
E00016898,"7,863.20",7863.2
E00016900,"17,874.40",17874.4
E00016901,"17,013.90",17013.9
E00016904,"11,179.20",11179.2
E00016906,"8,935.50",8935.5
E00016883,"6,521.70",6521.7
E00016888,"9,457.80",9457.8
E00016891,"9,861.50",9861.5
E00016892,"9,622.60",9622.6
E00016894,"10,793.70",10793.7
E00016880,"9,925.50",9925.5
E00016897,"12,775.10",12775.1
E00016899,"9,578.10",9578.1
E00016902,"15,721.20",15721.2
E00016903,"16,699.50",16699.5
E00016564,"12,915.10",12915.1
E00016567,"15,360.00",15360
E00016569,"12,738.60",12738.6
E00016571,"4,468.40",4468.4
E00173700,"11,582.70",11582.7
E00173702,"4,920.60",4920.6
E00016566,"14,047.60",14047.6
E00016572,"10,000.00",10000
E00016575,"15,220.10",15220.1
E00182532,"8,693.50",8693.5
E00182533,"7,839.50",7839.5
E00182540,"13,458.60",13458.6
E00016557,"10,418.60",10418.6
E00016559,"14,110.20",14110.2
E00016560,"18,645.80",18645.8
E00016562,"12,500.00",12500
E00016563,"14,484.70",14484.7
E00016565,"13,434.80",13434.8
E00016544,"8,632.70",8632.7
E00016574,"8,596.00",8596
E00016576,"11,085.30",11085.3
E00016577,"6,507.10",6507.1
E00016578,"10,862.10",10862.1
E00016584,"17,000.00",17000
E00016596,"10,390.40",10390.4
E00016598,"9,574.80",9574.8
E00016623,"8,433.40",8433.4
E00174036,"11,917.10",11917.1
E00174038,"11,401.30",11401.3
E00016585,"12,720.00",12720
E00016593,"5,325.80",5325.8
E00016600,"11,826.60",11826.6
E00016602,"11,085.50",11085.5
E00016624,"11,387.80",11387.8
E00016625,"10,369.20",10369.2
E00016587,"9,052.40",9052.4
E00016594,"13,346.00",13346
E00016605,"12,561.60",12561.6
E00016608,"15,757.60",15757.6
E00016626,"11,732.00",11732
E00016589,"6,780.80",6780.8
E00016595,"18,098.20",18098.2
E00016597,"9,185.70",9185.7
E00016599,"5,722.10",5722.1
E00016601,"14,406.80",14406.8
E00016607,"9,905.20",9905.2
E00016573,"14,024.40",14024.4
E00016580,"12,006.50",12006.5
E00182529,"18,000.00",18000
E00182530,"12,944.40",12944.4
E00182531,"8,965.50",8965.5
E00182539,"15,320.90",15320.9
E00016546,"11,647.50",11647.5
E00016547,"13,670.40",13670.4
E00016548,"9,122.30",9122.3
E00016550,"9,843.30",9843.3
E00016583,"10,734.70",10734.7
E00016542,"12,748.30",12748.3
E00016552,"8,342.20",8342.2
E00016554,"10,137.50",10137.5
E00016555,"6,029.20",6029.2
E00016556,"9,277.80",9277.8
E00016543,"2,057.90",2057.9
E00016545,"2,202.30",2202.3
E00016549,"10,103.60",10103.6
E00016551,"7,924.20",7924.2
E00016553,"11,030.30",11030.3
E00016335,"14,473.70",14473.7
E00016336,"4,080.00",4080
E00016339,"6,482.90",6482.9
E00016340,"13,062.00",13062
E00016341,"10,660.40",10660.4
E00016309,"4,723.60",4723.6
E00016323,"10,625.00",10625
E00016324,"10,129.90",10129.9
E00016325,"10,676.20",10676.2
E00016327,"14,336.30",14336.3
E00016326,"9,023.00",9023
E00016329,"7,337.30",7337.3
E00016332,"5,684.90",5684.9
E00016333,"11,991.00",11991
E00016337,"14,868.40",14868.4
E00016311,"14,478.30",14478.3
E00016328,"14,384.20",14384.2
E00016330,"10,412.00",10412
E00016331,"11,944.40",11944.4
E00016334,"15,279.30",15279.3
E00016613,"5,567.40",5567.4
E00016614,"13,676.50",13676.5
E00016615,"5,728.00",5728
E00016618,"17,006.80",17006.8
E00016621,"12,653.10",12653.1
E00016609,"1,836.20",1836.2
E00016617,"5,621.00",5621
E00016619,"5,838.20",5838.2
E00016620,"5,943.80",5943.8
E00016622,"7,771.60",7771.6
E00016588,"8,345.20",8345.2
E00016592,"8,713.70",8713.7
E00016604,"12,355.80",12355.8
E00016611,"4,815.70",4815.7
E00016612,"5,789.50",5789.5
E00016616,"10,976.60",10976.6
E00016590,"12,374.60",12374.6
E00016591,"6,673.80",6673.8
E00016603,"5,366.90",5366.9
E00016606,"10,135.40",10135.4
E00016610,"11,225.80",11225.8
E00016653,"11,854.80",11854.8
E00016655,"16,980.20",16980.2
E00016656,"11,432.20",11432.2
E00016662,"14,952.80",14952.8
E00016664,"14,043.30",14043.3
E00016631,"14,637.10",14637.1
E00016658,"13,139.50",13139.5
E00016659,"14,770.10",14770.1
E00016660,"14,687.50",14687.5
E00016663,"13,295.00",13295
E00016632,"11,018.70",11018.7
E00016666,"8,351.40",8351.4
E00016667,"9,211.80",9211.8
E00016669,"9,707.10",9707.1
E00016673,"10,689.70",10689.7
E00016668,"11,861.70",11861.7
E00016670,"10,555.60",10555.6
E00016671,"7,098.40",7098.4
E00016672,"10,056.80",10056.8
E00173708,"30,526.30",30526.3
E00173710,"9,742.30",9742.3
E00016661,"14,581.30",14581.3
E00173936,"17,823.10",17823.1
E00173937,"26,760.60",26760.6
E00173938,"14,454.50",14454.5
E00174035,"32,372.90",32372.9
E00016796,"13,427.00",13427
E00016799,"12,194.20",12194.2
E00016804,"14,061.30",14061.3
E00016805,"15,041.00",15041
E00016806,"13,942.90",13942.9
E00016781,"17,764.70",17764.7
E00016793,"3,601.90",3601.9
E00016794,"4,378.70",4378.7
E00016801,"17,409.30",17409.3
E00016803,"14,342.90",14342.9
E00016808,"12,947.40",12947.4
E00016813,"14,449.50",14449.5
E00016814,"10,688.40",10688.4
E00016815,"6,169.00",6169
E00016818,"6,764.10",6764.1
E00016819,"12,206.60",12206.6
E00016778,"13,508.80",13508.8
E00016788,"13,707.30",13707.3
E00016791,"11,492.50",11492.5
E00016800,"14,174.30",14174.3
E00016820,"14,449.50",14449.5
E00016823,"14,626.90",14626.9
E00016300,"12,071.20",12071.2
E00016310,"4,636.40",4636.4
E00016312,"12,559.70",12559.7
E00016343,"14,115.40",14115.4
E00016344,"11,934.70",11934.7
E00016301,"7,212.20",7212.2
E00016302,"7,777.80",7777.8
E00016316,"5,600.00",5600
E00016338,"8,777.50",8777.5
E00016342,"4,808.40",4808.4
E00016303,"12,603.20",12603.2
E00016304,"14,260.90",14260.9
E00016313,"15,352.90",15352.9
E00016318,"6,093.80",6093.8
E00016345,"14,359.00",14359
E00016307,"7,102.80",7102.8
E00016314,"10,371.70",10371.7
E00016319,"11,611.40",11611.4
E00016321,"7,605.30",7605.3
E00016322,"6,567.20",6567.2
E00016305,"9,295.30",9295.3
E00016306,"9,905.70",9905.7
E00016308,"13,333.30",13333.3
E00016315,"10,099.00",10099
E00016317,"5,751.70",5751.7
E00016320,"12,489.50",12489.5
E00016780,"6,589.00",6589
E00016782,"4,486.50",4486.5
E00016790,"4,000.00",4000
E00016792,"8,557.00",8557
E00016795,"8,272.70",8272.7
E00016783,"9,630.80",9630.8
E00016802,"7,304.80",7304.8
E00016807,"14,784.30",14784.3
E00016809,"10,874.10",10874.1
E00016810,"13,563.20",13563.2
E00016784,"5,341.30",5341.3
E00016811,"10,170.50",10170.5
E00016812,"16,683.40",16683.4
E00016816,"16,341.50",16341.5
E00016817,"20,167.60",20167.6
E00016785,"8,657.70",8657.7
E00016786,"15,652.20",15652.2
E00016787,"56,808.50",56808.5
E00016822,"17,630.30",17630.3
E00016824,"16,094.70",16094.7
E00016779,"10,226.20",10226.2
E00182559,"16,000.00",16000
E00182560,"9,604.20",9604.2
E00182575,"3,881.00",3881
E00182630,"27,179.50",27179.5
E00016789,"6,677.90",6677.9
E00016797,"5,352.50",5352.5
E00182574,"6,822.40",6822.4
E00182580,"23,698.60",23698.6
E00182608,"4,895.60",4895.6
E00182638,"12,971.00",12971
E00016445,"7,775.10",7775.1
E00016448,"3,390.50",3390.5
E00016452,"4,170.20",4170.2
E00016454,"5,930.20",5930.2
E00016455,"3,386.40",3386.4
E00016446,"9,465.20",9465.2
E00016453,"9,351.90",9351.9
E00016456,"10,177.90",10177.9
E00016457,"13,189.70",13189.7
E00016462,"12,240.00",12240
E00173944,"9,000.00",9000
E00173945,"15,815.20",15815.2
E00016444,"7,510.80",7510.8
E00016484,"7,131.60",7131.6
E00016485,"16,842.10",16842.1
E00016488,"6,701.20",6701.2
E00016489,"6,413.70",6413.7
E00016443,"6,755.00",6755
E00016483,"9,108.90",9108.9
E00016486,"8,211.50",8211.5
E00016487,"10,036.60",10036.6
E00016491,"9,382.20",9382.2
E00016449,"7,630.20",7630.2
E00016450,"11,612.90",11612.9
E00016451,"10,524.60",10524.6
E00016490,"8,597.30",8597.3
E00016492,"10,610.70",10610.7
E00016281,"12,693.40",12693.4
E00016290,"14,701.20",14701.2
E00016292,"12,065.20",12065.2
E00016293,"12,209.00",12209
E00016295,"9,494.90",9494.9
E00016258,"10,437.00",10437
E00016259,"10,291.30",10291.3
E00016298,"11,492.10",11492.1
E00016299,"11,345.00",11345
E00016274,"11,728.40",11728.4
E00016276,"9,923.70",9923.7
E00016277,"9,673.60",9673.6
E00016278,"8,421.10",8421.1
E00016285,"6,981.60",6981.6
E00016256,"7,206.30",7206.3
E00016284,"10,557.50",10557.5
E00016286,"9,793.80",9793.8
E00016296,"6,844.70",6844.7
E00016297,"9,220.10",9220.1
E00016275,"11,783.80",11783.8
E00016279,"10,606.10",10606.1
E00016280,"10,795.50",10795.5
E00016283,"11,128.50",11128.5
E00016287,"12,546.10",12546.1
E00016513,"3,538.60",3538.6
E00016514,"9,900.70",9900.7
E00016515,"4,663.10",4663.1
E00016516,"3,380.90",3380.9
E00016519,"6,469.10",6469.1
E00016521,"11,365.60",11365.6
E00016493,"9,920.60",9920.6
E00016499,"6,789.80",6789.8
E00016502,"14,970.10",14970.1
E00016503,"13,424.70",13424.7
E00016507,"2,897.00",2897
E00016540,"4,418.00",4418
E00016498,"6,245.80",6245.8
E00016500,"11,428.60",11428.6
E00016505,"12,583.00",12583
E00016541,"5,603.70",5603.7
E00016494,"9,639.90",9639.9
E00016495,"3,540.60",3540.6
E00016501,"4,563.00",4563
E00016508,"6,329.60",6329.6
E00016511,"7,602.60",7602.6
E00016504,"4,108.60",4108.6
E00016506,"7,795.80",7795.8
E00016509,"4,589.10",4589.1
E00016510,"6,925.10",6925.1
E00016512,"6,354.20",6354.2
E00016750,"13,917.50",13917.5
E00016752,"9,413.20",9413.2
E00016753,"14,600.90",14600.9
E00016758,"9,488.00",9488
E00016763,"10,635.50",10635.5
E00016738,"12,296.50",12296.5
E00016739,"11,299.60",11299.6
E00016740,"8,753.50",8753.5
E00016749,"11,556.40",11556.4
E00016755,"12,985.50",12985.5
E00016745,"13,986.30",13986.3
E00016746,"10,112.00",10112
E00016751,"9,287.90",9287.9
E00016754,"9,044.60",9044.6
E00016757,"11,015.00",11015
E00016732,"10,711.90",10711.9
E00016735,"7,515.30",7515.3
E00016741,"9,640.30",9640.3
E00016742,"9,438.50",9438.5
E00016733,"9,513.70",9513.7
E00016734,"13,379.60",13379.6
E00016743,"9,217.70",9217.7
E00016744,"9,748.60",9748.6
E00016747,"10,321.30",10321.3
E00016261,"8,436.70",8436.7
E00016282,"7,166.00",7166
E00016288,"11,148.00",11148
E00016289,"8,432.40",8432.4
E00016294,"5,733.60",5733.6
E00016260,"7,198.40",7198.4
E00016262,"10,625.00",10625
E00016266,"9,832.90",9832.9
E00016267,"7,356.60",7356.6
E00016271,"7,315.20",7315.2
E00016257,"8,628.30",8628.3
E00016263,"8,135.60",8135.6
E00016265,"3,899.20",3899.2
E00016268,"8,201.10",8201.1
E00016291,"7,967.40",7967.4
E00016264,"5,817.50",5817.5
E00016269,"7,102.00",7102
E00016270,"6,139.20",6139.2
E00016272,"3,457.90",3457.9
E00016273,"7,525.00",7525
E00016930,"3,787.10",3787.1
E00016946,"3,682.90",3682.9
E00016952,"7,914.10",7914.1
E00016964,"11,461.00",11461
E00016929,"8,704.80",8704.8
E00016931,"11,822.00",11822
E00016932,"12,760.00",12760
E00016954,"12,175.70",12175.7
E00016961,"11,545.70",11545.7
E00016933,"10,559.70",10559.7
E00016953,"4,820.80",4820.8
E00016957,"10,861.50",10861.5
E00016960,"11,052.60",11052.6
E00016966,"13,411.80",13411.8
E00016940,"6,923.10",6923.1
E00016941,"8,939.40",8939.4
E00016942,"11,019.70",11019.7
E00016943,"7,718.80",7718.8
E00016944,"9,098.10",9098.1
E00016945,"2,282.90",2282.9
E00016728,"13,834.20",13834.2
E00016764,"8,100.90",8100.9
E00016766,"11,843.80",11843.8
E00016768,"15,857.10",15857.1
E00016772,"6,982.90",6982.9
E00016737,"7,405.40",7405.4
E00016748,"10,634.30",10634.3
E00016756,"17,111.10",17111.1
E00016760,"8,662.00",8662
E00173705,"8,027.20",8027.2
E00182542,"10,142.50",10142.5
E00016729,"5,392.20",5392.2
E00016730,"7,620.10",7620.1
E00016759,"8,767.10",8767.1
E00016761,"10,224.40",10224.4
E00016762,"14,112.90",14112.9
E00016765,"9,233.70",9233.7
E00016767,"8,283.80",8283.8
E00016770,"11,854.80",11854.8
E00016771,"10,214.50",10214.5
E00016774,"8,607.30",8607.3
E00016777,"7,402.10",7402.1
E00016731,"7,511.20",7511.2
E00016769,"11,656.60",11656.6
E00016773,"3,377.70",3377.7
E00016775,"18,775.50",18775.5
E00016776,"4,782.60",4782.6
E00016460,"9,134.60",9134.6
E00016467,"6,124.00",6124
E00016469,"9,887.30",9887.3
E00016471,"15,849.10",15849.1
E00016472,"7,621.80",7621.8
E00182550,"33,186.80",33186.8
E00182603,"7,817.10",7817.1
E00016447,"11,209.70",11209.7
E00016458,"9,517.20",9517.2
E00016459,"4,755.20",4755.2
E00016464,"17,531.60",17531.6
E00016465,"9,038.50",9038.5
E00016466,"4,055.30",4055.3
E00016475,"11,822.70",11822.7
E00016476,"16,274.50",16274.5
E00016478,"7,279.70",7279.7
E00016479,"14,386.00",14386
E00016480,"17,677.40",17677.4
E00016482,"12,980.80",12980.8
E00016468,"7,764.00",7764
E00016470,"6,732.70",6732.7
E00016473,"10,743.20",10743.2
E00016474,"5,600.80",5600.8
E00016477,"11,222.70",11222.7
E00016481,"11,651.40",11651.4
E00016126,"9,481.50",9481.5
E00016127,"2,203.70",2203.7
E00016131,"7,113.40",7113.4
E00016134,"11,124.50",11124.5
E00016140,"9,259.30",9259.3
E00016118,"2,470.50",2470.5
E00016154,"5,481.50",5481.5
E00016155,"7,949.70",7949.7
E00016156,"7,613.60",7613.6
E00016157,"10,250.00",10250
E00016112,"15,226.10",15226.1
E00016119,"8,471.50",8471.5
E00016121,"12,696.10",12696.1
E00016123,"6,293.10",6293.1
E00016158,"4,328.10",4328.1
E00016113,"3,219.50",3219.5
E00016120,"9,093.70",9093.7
E00016122,"9,030.60",9030.6
E00016124,"10,449.10",10449.1
E00016125,"8,626.10",8626.1
E00016114,"9,389.10",9389.1
E00016128,"5,605.10",5605.1
E00016130,"8,630.50",8630.5
E00016133,"8,252.90",8252.9
E00016135,"8,815.40",8815.4
E00016948,"13,131.30",13131.3
E00016949,"10,957.70",10957.7
E00016951,"16,406.30",16406.3
E00016955,"11,960.80",11960.8
E00016956,"10,322.60",10322.6
E00016950,"2,700.60",2700.6
E00016967,"8,809.00",8809
E00016968,"3,190.60",3190.6
E00016969,"10,989.30",10989.3
E00016971,"13,138.70",13138.7
E00016928,"5,104.40",5104.4
E00016947,"3,234.70",3234.7
E00016958,"12,310.30",12310.3
E00016963,"4,724.40",4724.4
E00016937,"6,710.50",6710.5
E00016959,"6,378.60",6378.6
E00016962,"10,904.90",10904.9
E00016965,"18,774.50",18774.5
E00182553,"10,173.40",10173.4
E00182570,"38,414.60",38414.6
E00016934,"7,978.90",7978.9
E00016935,"6,736.70",6736.7
E00016936,"8,196.30",8196.3
E00016938,"6,177.10",6177.1
E00016939,"5,788.50",5788.5
E00016496,"9,331.10",9331.1
E00016517,"6,336.30",6336.3
E00016518,"8,668.30",8668.3
E00016523,"6,441.20",6441.2
E00016524,"7,797.00",7797
E00016525,"5,125.30",5125.3
E00016497,"3,737.10",3737.1
E00016527,"12,934.80",12934.8
E00016528,"6,165.40",6165.4
E00016531,"10,027.20",10027.2
E00016532,"7,807.30",7807.3
E00016535,"9,569.90",9569.9
E00016520,"9,500.00",9500
E00016522,"9,494.90",9494.9
E00016526,"11,818.20",11818.2
E00016529,"11,101.70",11101.7
E00016530,"12,372.90",12372.9
E00016533,"7,974.40",7974.4
E00016534,"10,632.20",10632.2
E00016536,"4,111.80",4111.8
E00016537,"2,172.30",2172.3
E00016538,"7,914.80",7914.8
E00016539,"12,546.60",12546.6
E00016830,"7,016.10",7016.1
E00016839,"12,805.40",12805.4
E00016845,"9,727.30",9727.3
E00016872,"8,820.50",8820.5
E00016873,"10,615.40",10615.4
E00016838,"27,362.60",27362.6
E00016840,"3,189.70",3189.7
E00016847,"11,887.80",11887.8
E00016852,"3,945.90",3945.9
E00016858,"12,944.40",12944.4
E00016874,"6,403.30",6403.3
E00016826,"10,025.70",10025.7
E00016831,"10,991.70",10991.7
E00016832,"8,151.80",8151.8
E00016833,"8,854.40",8854.4
E00016875,"11,272.70",11272.7
E00016828,"4,951.50",4951.5
E00016850,"3,841.40",3841.4
E00016854,"8,849.80",8849.8
E00016855,"12,022.50",12022.5
E00016857,"13,407.10",13407.1
E00016878,"17,619.00",17619
E00016827,"7,330.30",7330.3
E00016834,"13,231.70",13231.7
E00016842,"10,892.00",10892
E00016856,"15,570.20",15570.2
E00016876,"8,307.70",8307.7
E00016877,"9,824.60",9824.6
E00016115,"8,497.40",8497.4
E00016136,"9,081.10",9081.1
E00016137,"10,743.60",10743.6
E00016138,"7,218.00",7218
E00016139,"10,821.90",10821.9
E00016116,"7,680.90",7680.9
E00016129,"7,556.10",7556.1
E00016144,"5,597.90",5597.9
E00016145,"18,417.70",18417.7
E00016150,"8,826.40",8826.4
E00182544,"5,251.10",5251.1
E00182646,"5,551.50",5551.5
E00016117,"7,236.00",7236
E00016132,"11,191.30",11191.3
E00016143,"10,968.60",10968.6
E00016147,"10,707.70",10707.7
E00016153,"4,845.20",4845.2
E00016141,"9,269.70",9269.7
E00016146,"4,250.30",4250.3
E00016148,"7,573.50",7573.5
E00016149,"13,681.80",13681.8
E00016151,327.4,327.4
E00016152,"15,521.50",15521.5
E00016843,"15,133.90",15133.9
E00016863,"15,886.10",15886.1
E00016868,"12,954.50",12954.5
E00016870,"11,570.00",11570
E00016871,"10,872.30",10872.3
E00016848,"8,148.10",8148.1
E00016859,"7,529.10",7529.1
E00016861,"7,362.80",7362.8
E00016862,"11,654.10",11654.1
E00016866,"6,766.50",6766.5
E00016829,"12,857.10",12857.1
E00016851,"6,360.20",6360.2
E00016860,"14,344.30",14344.3
E00016864,"6,782.60",6782.6
E00016867,"8,675.50",8675.5
E00016869,"14,876.50",14876.5
E00016835,"11,580.90",11580.9
E00016837,"17,750.00",17750
E00016846,"9,966.00",9966
E00016849,"12,307.70",12307.7
E00016865,"11,952.90",11952.9
E00016825,"11,871.00",11871
E00016836,"8,606.10",8606.1
E00016841,"18,144.30",18144.3
E00016844,"9,756.10",9756.1
E00016853,"18,380.60",18380.6
E00016350,"12,226.10",12226.1
E00016369,"8,004.90",8004.9
E00016370,"11,150.90",11150.9
E00016371,"8,823.50",8823.5
E00016374,"8,048.80",8048.8
E00016352,"7,323.60",7323.6
E00016373,"10,697.70",10697.7
E00016378,"6,115.20",6115.2
E00016381,"8,223.10",8223.1
E00016382,"3,595.10",3595.1
E00016348,"11,562.50",11562.5
E00016372,"9,785.30",9785.3
E00016375,"14,345.80",14345.8
E00016377,"11,221.40",11221.4
E00016379,"11,155.10",11155.1
E00016349,"13,563.60",13563.6
E00016351,"6,363.60",6363.6
E00016376,"5,542.90",5542.9
E00016383,"7,718.90",7718.9
E00016356,"13,419.10",13419.1
E00016387,"4,512.40",4512.4
E00016393,"12,816.30",12816.3
E00165790,"11,464.40",11464.4
E00016361,814.9,814.9
E00016363,"11,083.30",11083.3
E00016366,"4,579.80",4579.8
E00016367,"8,616.10",8616.1
E00016368,"7,637.80",7637.8
E00016353,"11,463.40",11463.4
E00016360,"12,553.80",12553.8
E00016380,"10,567.40",10567.4
E00016389,"12,099.60",12099.6
E00016390,"7,653.10",7653.1
E00016392,"5,895.70",5895.7
E00016359,"4,370.80",4370.8
E00016384,"3,216.10",3216.1
E00016385,"9,426.60",9426.6
E00016386,"9,610.40",9610.4
E00016388,"6,807.60",6807.6
E00016346,"9,393.00",9393
E00016354,"7,837.80",7837.8
E00016357,"8,540.10",8540.1
E00016358,"8,538.70",8538.7
E00016391,"3,097.70",3097.7
E00016362,"7,291.70",7291.7
E00016364,"7,882.70",7882.7
E00016365,"9,414.20",9414.2
E00016394,"6,889.40",6889.4
E00165789,"4,118.70",4118.7
E00016678,"22,089.60",22089.6
E00016722,"13,623.70",13623.7
E00016724,"3,955.10",3955.1
E00016727,"13,234.00",13234
E00016676,"12,370.70",12370.7
E00016685,"9,335.20",9335.2
E00016690,"11,555.60",11555.6
E00016691,"13,791.70",13791.7
E00016726,"27,375.00",27375
E00016688,"13,852.80",13852.8
E00016695,"5,620.90",5620.9
E00016705,"8,473.10",8473.1
E00016710,"5,796.90",5796.9
E00016712,"9,739.90",9739.9
E00016682,"17,961.20",17961.2
E00016686,"18,958.30",18958.3
E00016699,"10,714.30",10714.3
E00016711,"18,508.10",18508.1
E00182548,"22,923.10",22923.1
E00182594,"11,400.00",11400
E00182614,"9,735.10",9735.1
E00182617,"8,373.70",8373.7
E00016696,"28,666.70",28666.7
E00016703,"12,170.50",12170.5
E00016713,"14,254.50",14254.5
E00182557,"26,068.40",26068.4
E00182576,"9,442.70",9442.7
E00182591,"6,376.80",6376.8
E00182609,"10,963.90",10963.9
E00016633,"13,486.20",13486.2
E00016674,"14,289.20",14289.2
E00174019,"20,272.10",20272.1
E00182541,"18,311.30",18311.3
E00182567,"85,555.60",85555.6
E00182611,"4,353.20",4353.2
E00182635,"97,812.50",97812.5
E00182641,"30,363.60",30363.6
E00182583,"165,000.00",165000
E00182610,"18,783.80",18783.8
E00182613,"2,880.70",2880.7
E00182640,"11,928.10",11928.1
E00182565,"6,865.70",6865.7
E00182589,"8,078.90",8078.9
E00182604,"34,563.10",34563.1
E00182615,"113,225.80",113225.8
E00182643,"57,011.50",57011.5
E00016640,"10,755.80",10755.8
E00016641,"14,981.10",14981.1
E00016642,"11,064.80",11064.8
E00016643,"11,680.30",11680.3
E00182605,"13,451.30",13451.3
E00182616,"19,285.70",19285.7
E00182622,"14,327.70",14327.7
E00016630,"9,204.20",9204.2
E00016647,"16,696.00",16696
E00016648,"16,345.20",16345.2
E00016649,"11,757.80",11757.8
E00016651,"14,661.50",14661.5
E00016629,"10,302.30",10302.3
E00016650,"4,110.70",4110.7
E00016652,"8,342.10",8342.1
E00016654,"2,119.30",2119.3
E00016657,"14,518.10",14518.1
E00016628,"4,535.00",4535
E00174024,"7,065.90",7065.9
E00174029,"11,567.80",11567.8
E00174030,"12,191.00",12191
E00182534,"6,046.10",6046.1
E00182535,"6,855.00",6855
E00016645,"9,519.80",9519.8
E00016646,"8,714.30",8714.3
E00182586,"63,750.00",63750
E00182607,"11,592.90",11592.9
E00182612,"9,961.50",9961.5
E00020301,"21,503.80",21503.8
E00020305,"20,952.40",20952.4
E00020330,"14,624.50",14624.5
E00020331,"9,359.30",9359.3
E00177568,"81,764.70",81764.7
E00177606,"50,625.00",50625
E00177607,"17,222.20",17222.2
E00020298,"12,107.40",12107.4
E00020299,"7,525.40",7525.4
E00020303,"10,313.60",10313.6
E00020307,"11,193.10",11193.1
E00020310,"21,111.10",21111.1
E00020419,"6,629.70",6629.7
E00020420,"7,814.10",7814.1
E00020434,"55,128.20",55128.2
E00020436,"29,016.40",29016.4
E00020438,"21,538.50",21538.5
E00020441,"26,571.40",26571.4
E00020416,"24,102.60",24102.6
E00020417,"12,170.20",12170.2
E00020435,"7,124.70",7124.7
E00020437,"17,294.10",17294.1
E00020440,"14,025.40",14025.4
E00020418,"7,619.00",7619
E00020421,"4,287.40",4287.4
E00020439,"10,186.20",10186.2
E00020442,"7,994.90",7994.9
E00019779,"3,484.10",3484.1
E00019783,"7,240.40",7240.4
E00019789,"32,954.50",32954.5
E00019791,"26,066.70",26066.7
E00167494,"19,236.10",19236.1
E00167496,"9,649.10",9649.1
E00167497,"6,162.60",6162.6
E00019773,"5,549.30",5549.3
E00019774,"15,148.10",15148.1
E00019778,"21,355.90",21355.9
E00019781,"5,177.60",5177.6
E00019785,"22,424.20",22424.2
E00177579,"7,017.50",7017.5
E00177597,"9,047.60",9047.6
E00019780,"6,918.20",6918.2
E00019782,"16,642.30",16642.3
E00166632,"9,316.10",9316.1
E00167481,"8,429.10",8429.1
E00019842,"13,411.80",13411.8
E00019847,"16,000.00",16000
E00019848,"58,461.50",58461.5
E00177487,"10,000.00",10000
E00177488,"6,437.80",6437.8
E00177535,"54,166.70",54166.7
E00177605,"48,139.50",48139.5
E00019784,"4,300.20",4300.2
E00019794,"35,797.10",35797.1
E00019797,"24,355.80",24355.8
E00166638,"21,626.00",21626
E00166640,"8,325.10",8325.1
E00166633,"10,896.60",10896.6
E00166635,"56,071.40",56071.4
E00177506,"8,909.10",8909.1
E00177588,"82,857.10",82857.1
E00177656,"3,164.60",3164.6
E00020045,"50,937.50",50937.5
E00020047,"18,509.30",18509.3
E00020049,"20,365.90",20365.9
E00020050,"17,861.60",17861.6
E00020052,"19,888.90",19888.9
E00020257,"11,245.80",11245.8
E00020273,"12,431.20",12431.2
E00020276,"16,464.10",16464.1
E00020277,"19,763.80",19763.8
E00020287,"15,428.60",15428.6
E00020289,"15,852.30",15852.3
E00020274,"23,144.70",23144.7
E00020281,"16,326.50",16326.5
E00020282,"16,234.60",16234.6
E00177497,"13,724.70",13724.7
E00177498,"26,306.30",26306.3
E00177517,"38,740.20",38740.2
E00177549,"9,125.00",9125
E00177578,"51,578.90",51578.9
E00020280,"14,901.00",14901
E00167993,"28,405.80",28405.8
E00168006,"13,773.60",13773.6
E00177543,"16,052.60",16052.6
E00177647,"19,183.70",19183.7
E00177526,"17,871.00",17871
E00177546,"57,111.10",57111.1
E00177571,"38,103.40",38103.4
E00177589,"25,294.10",25294.1
E00177624,"41,785.70",41785.7
E00177632,"30,272.70",30272.7
E00177639,"41,643.80",41643.8
E00020250,"15,698.10",15698.1
E00020286,"13,514.60",13514.6
E00020290,"3,616.00",3616
E00168007,"37,734.40",37734.4
E00020013,"19,381.00",19381
E00020017,"27,435.90",27435.9
E00020028,"8,728.60",8728.6
E00019811,"12,083.30",12083.3
E00019841,"71,923.10",71923.1
E00019844,"27,567.60",27567.6
E00019845,"30,400.00",30400
E00167766,"10,068.70",10068.7
E00167989,"80,857.10",80857.1
E00019815,"13,614.50",13614.5
E00019816,"31,325.30",31325.3
E00019817,"63,142.90",63142.9
E00019820,"32,857.10",32857.1
E00019826,"26,562.50",26562.5
E00019818,"15,615.00",15615
E00019822,"21,862.70",21862.7
E00167755,"9,189.20",9189.2
E00167995,"56,666.70",56666.7
E00177540,"55,454.50",55454.5
E00177575,"21,920.90",21920.9
E00019814,"21,956.50",21956.5
E00019825,"23,005.80",23005.8
E00019828,"24,159.70",24159.7
E00019830,"17,821.20",17821.2
E00019833,"6,405.20",6405.2
E00020014,"12,954.50",12954.5
E00020015,"14,835.70",14835.7
E00020018,"12,153.80",12153.8
E00020021,"19,005.00",19005
E00020024,"36,629.20",36629.2
E00020027,"3,642.60",3642.6
E00020008,"3,336.10",3336.1
E00020009,"14,824.60",14824.6
E00020036,"22,115.40",22115.4
E00020039,"13,591.50",13591.5
E00020040,"15,981.30",15981.3
E00020292,"27,410.70",27410.7
E00020293,"10,181.80",10181.8
E00020300,"8,848.70",8848.7
E00020304,"26,016.90",26016.9
E00020332,"38,169.00",38169
E00020295,"4,238.90",4238.9
E00020296,"10,760.90",10760.9
E00020314,"8,403.60",8403.6
E00020318,"4,180.80",4180.8
E00167487,"11,810.70",11810.7
E00167758,"10,533.30",10533.3
E00177510,"4,733.40",4733.4
E00177630,"23,137.30",23137.3
E00020302,"17,972.00",17972
E00020312,"4,712.20",4712.2
E00020313,"16,783.60",16783.6
E00020315,"22,973.00",22973
E00177532,"43,181.80",43181.8
E00177548,"11,120.70",11120.7
E00177561,"22,621.40",22621.4
E00177644,"42,970.30",42970.3
E00020294,"11,180.10",11180.1
E00020309,"13,941.90",13941.9
E00020311,"8,786.10",8786.1
E00020317,"12,153.80",12153.8
E00020319,"19,261.70",19261.7
E00020321,"31,584.20",31584.2
E00020323,"14,885.10",14885.1
E00020325,"26,805.60",26805.6
E00020327,"15,947.40",15947.4
E00020328,"37,142.90",37142.9
E00020329,"27,706.40",27706.4
E00020443,"10,486.10",10486.1
E00020444,"19,838.10",19838.1
E00020445,"9,972.80",9972.8
E00020447,"11,315.80",11315.8
E00020448,"13,818.90",13818.9
E00020449,"11,594.80",11594.8
E00020422,"10,039.10",10039.1
E00020423,"10,148.70",10148.7
E00020451,"11,554.80",11554.8
E00020455,"17,931.00",17931
E00177519,"6,346.50",6346.5
E00177570,"22,027.00",22027
E00177617,"2,369.90",2369.9
E00177653,"34,766.40",34766.4
E00020415,"14,059.80",14059.8
E00020426,"21,754.40",21754.4
E00020427,"8,919.50",8919.5
E00020428,"5,872.60",5872.6
E00020452,"23,780.50",23780.5
E00020453,"29,381.40",29381.4
E00020424,"13,109.80",13109.8
E00020425,"4,542.00",4542
E00020429,"5,975.60",5975.6
E00020454,"12,598.90",12598.9
E00177580,"4,927.30",4927.3
E00177600,"18,344.80",18344.8
E00177661,"7,669.20",7669.2
E00020430,"16,975.60",16975.6
E00020431,"20,960.00",20960
E00020432,"16,321.20",16321.2
E00020433,"22,537.30",22537.3
E00167488,"18,632.80",18632.8
E00167489,"40,769.20",40769.2
E00019812,"16,441.70",16441.7
E00019823,"8,278.90",8278.9
E00019843,"24,011.30",24011.3
E00166630,"30,760.20",30760.2
E00168080,"17,010.30",17010.3
E00019810,"8,636.40",8636.4
E00019813,"8,853.90",8853.9
E00019819,"20,833.30",20833.3
E00177481,"64,583.30",64583.3
E00019824,"38,720.00",38720
E00019827,"20,300.80",20300.8
E00019829,"40,142.90",40142.9
E00019831,"10,839.20",10839.2
E00019838,"21,897.80",21897.8
E00019834,"76,666.70",76666.7
E00019836,"13,529.40",13529.4
E00167999,"14,736.80",14736.8
E00168082,"18,450.70",18450.7
E00177680,"6,658.00",6658
E00177693,"27,500.00",27500
E00177512,"3,955.10",3955.1
E00177566,"38,823.50",38823.5
E00177622,"90,000.00",90000
E00177665,"85,882.40",85882.4
E00020016,"23,024.70",23024.7
E00020019,"15,519.10",15519.1
E00020020,"8,853.50",8853.5
E00020022,"24,337.30",24337.3
E00020025,"14,400.00",14400
E00020026,"15,707.80",15707.8
E00020335,"6,828.50",6828.5
E00020339,"27,705.90",27705.9
E00020342,"18,235.30",18235.3
E00020345,"19,006.60",19006.6
E00020348,"16,857.10",16857.1
E00020374,"14,625.60",14625.6
E00020338,"10,445.00",10445
E00020344,"8,429.60",8429.6
E00020355,"12,624.40",12624.4
E00167502,"22,054.80",22054.8
E00167516,"17,062.90",17062.9
E00167517,"26,344.10",26344.1
E00177594,"6,403.90",6403.9
E00177610,"23,111.10",23111.1
E00177637,"10,096.20",10096.2
E00020333,"17,535.50",17535.5
E00020340,"12,130.60",12130.6
E00020361,"9,143.70",9143.7
E00020365,"12,419.00",12419
E00020370,"19,516.10",19516.1
E00020334,"12,083.30",12083.3
E00020363,"9,333.30",9333.3
E00020364,"12,647.10",12647.1
E00020366,"11,000.00",11000
E00020367,"11,848.30",11848.3
E00020059,"4,777.50",4777.5
E00020087,"12,899.20",12899.2
E00020088,"8,063.70",8063.7
E00020089,"18,920.90",18920.9
E00020090,"24,811.30",24811.3
E00020057,"13,918.90",13918.9
E00020091,"10,154.60",10154.6
E00020092,"16,184.20",16184.2
E00020093,"18,839.30",18839.3
E00167984,"15,781.30",15781.3
E00168003,"24,065.90",24065.9
E00168004,"7,283.20",7283.2
E00020249,"23,790.80",23790.8
E00020251,"26,535.90",26535.9
E00020252,"21,885.70",21885.7
E00020253,"8,828.80",8828.8
E00020254,"19,586.20",19586.2
E00020291,"10,373.10",10373.1
E00020320,"7,378.60",7378.6
E00020324,"12,943.40",12943.4
E00020326,"22,236.00",22236
E00177499,"2,665.10",2665.1
E00019924,"17,244.10",17244.1
E00019937,"11,026.80",11026.8
E00019942,"21,958.80",21958.8
E00019943,"10,574.20",10574.2
E00019945,"11,444.40",11444.4
E00177672,"27,981.70",27981.7
E00177686,"11,168.80",11168.8
E00019947,"19,156.60",19156.6
E00019949,"9,444.40",9444.4
E00019950,"35,916.70",35916.7
E00019953,"18,359.80",18359.8
E00019955,"21,028.00",21028
E00019957,"14,637.20",14637.2
E00020102,"15,538.50",15538.5
E00020110,"9,280.60",9280.6
E00020113,"11,916.20",11916.2
E00020115,"11,835.20",11835.2
E00177507,"13,076.90",13076.9
E00177508,"26,304.30",26304.3
E00177670,"15,579.40",15579.4
E00019938,"13,973.50",13973.5
E00019944,"25,762.70",25762.7
E00177537,"24,107.10",24107.1
E00177683,"26,079.50",26079.5
E00177531,"18,538.50",18538.5
E00177602,"48,437.50",48437.5
E00177616,"29,859.20",29859.2
E00177618,"66,087.00",66087
E00177662,"17,132.90",17132.9
E00019948,"24,137.90",24137.9
E00019960,"22,645.70",22645.7
E00177544,"45,609.80",45609.8
E00177666,"16,868.70",16868.7
E00177679,"12,447.90",12447.9
E00020023,"10,398.40",10398.4
E00020029,"13,814.40",13814.4
E00020030,"2,978.10",2978.1
E00020031,"42,597.40",42597.4
E00020032,"33,230.80",33230.8
E00177581,"12,095.60",12095.6
E00177674,"25,447.20",25447.2
E00020336,"14,916.70",14916.7
E00020337,"18,445.90",18445.9
E00020347,"24,108.50",24108.5
E00020351,"22,666.70",22666.7
E00020369,"14,460.80",14460.8
E00020352,"6,595.40",6595.4
E00020353,"40,797.10",40797.1
E00020354,"18,795.20",18795.2
E00020357,"31,743.10",31743.1
E00020358,"32,469.10",32469.1
E00020341,"11,256.50",11256.5
E00020346,"14,974.10",14974.1
E00020349,"37,666.70",37666.7
E00020350,"39,090.90",39090.9
E00020359,"35,476.20",35476.2
E00020360,"19,770.10",19770.1
E00020362,"19,920.60",19920.6
E00020368,"22,134.80",22134.8
E00020371,"14,264.70",14264.7
E00020372,"23,821.10",23821.1
E00020373,"21,928.60",21928.6
E00020095,"14,308.90",14308.9
E00020124,"29,171.60",29171.6
E00020128,"27,777.80",27777.8
E00020129,"21,339.30",21339.3
E00020130,"21,538.50",21538.5
E00020103,"24,782.60",24782.6
E00020104,"16,185.60",16185.6
E00020105,"15,920.00",15920
E00020108,"18,598.10",18598.1
E00020109,"22,231.40",22231.4
E00020138,"41,029.40",41029.4
E00020139,"20,128.20",20128.2
E00020107,"19,256.80",19256.8
E00020111,"10,601.50",10601.5
E00020112,"19,166.70",19166.7
E00020114,"17,500.00",17500
E00020117,"14,128.40",14128.4
E00020116,"32,278.50",32278.5
E00020118,"8,303.20",8303.2
E00020121,"14,764.20",14764.2
E00020122,"36,760.60",36760.6
E00020127,"18,032.80",18032.8
E00020100,"14,512.20",14512.2
E00167478,"25,487.20",25487.2
E00167479,"38,913.00",38913
E00167480,"37,023.80",37023.8
E00167491,"15,223.90",15223.9
E00167492,"30,961.50",30961.5
E00020137,"17,500.00",17500
E00177500,"17,799.00",17799
E00177521,"143,157.90",143157.9
E00177645,"101,428.60",101428.6
E00019928,"27,008.50",27008.5
E00019931,"18,119.70",18119.7
E00019956,"22,419.40",22419.4
E00019959,"18,597.60",18597.6
E00019963,"23,333.30",23333.3
E00019965,"18,926.20",18926.2
E00020001,"29,903.80",29903.8
E00020002,"35,652.20",35652.2
E00177492,"15,812.20",15812.2
E00019926,"17,909.60",17909.6
E00019930,"17,554.60",17554.6
E00019933,"11,441.20",11441.2
E00019971,"15,138.90",15138.9
E00019973,"15,697.70",15697.7
E00019976,"131,428.60",131428.6
E00019977,"19,701.50",19701.5
E00019982,"34,351.90",34351.9
E00019984,"18,600.00",18600
E00019988,"29,732.10",29732.1
E00019990,"20,000.00",20000
E00020007,"17,238.10",17238.1
E00019934,"7,655.20",7655.2
E00019935,"5,216.10",5216.1
E00177528,"12,824.60",12824.6
E00177553,"2,609.70",2609.7
E00177687,"29,887.60",29887.6
E00019927,"19,468.10",19468.1
E00019929,"36,447.40",36447.4
E00019958,"59,125.00",59125
E00019961,"27,500.00",27500
E00019962,"20,423.70",20423.7
E00019972,"25,357.10",25357.1
E00019975,"17,093.00",17093
E00019998,"13,957.40",13957.4
E00019999,"13,483.10",13483.1
E00020000,"55,666.70",55666.7
E00020006,"24,601.80",24601.8
E00019968,"11,402.70",11402.7
E00019974,"18,778.60",18778.6
E00019979,"19,320.40",19320.4
E00020003,"25,083.30",25083.3
E00020004,"30,520.80",30520.8
E00020005,"16,883.70",16883.7
E00019980,"16,503.10",16503.1
E00019981,"2,262.50",2262.5
E00019985,"33,596.50",33596.5
E00019987,"13,861.40",13861.4
E00019989,"34,444.40",34444.4
E00177490,"3,026.00",3026
E00177491,"13,759.70",13759.7
E00019722,"17,631.60",17631.6
E00019752,"10,844.00",10844
E00019753,"16,564.90",16564.9
E00019754,"13,937.70",13937.7
E00019755,"14,562.50",14562.5
E00019978,"16,559.10",16559.1
E00019983,"15,631.60",15631.6
E00019992,"28,389.30",28389.3
E00019995,"1,100.10",1100.1
E00019997,"7,643.00",7643
E00177651,"23,176.50",23176.5
E00177658,"33,028.20",33028.2
E00177677,"18,601.40",18601.4
E00020094,"18,741.30",18741.3
E00020096,"15,563.90",15563.9
E00020099,"18,157.90",18157.9
E00020125,"12,330.10",12330.1
E00020131,"17,179.50",17179.5
E00020097,"23,555.60",23555.6
E00020098,"27,006.40",27006.4
E00020132,"31,523.80",31523.8
E00020133,"20,843.40",20843.4
E00020134,"20,371.60",20371.6
E00020119,"10,502.30",10502.3
E00020120,"16,951.90",16951.9
E00020123,"22,529.40",22529.4
E00020126,"19,945.40",19945.4
E00020065,"15,270.80",15270.8
E00020070,"9,478.90",9478.9
E00020075,"13,522.70",13522.7
E00020077,"23,898.30",23898.3
E00020081,"29,071.40",29071.4
E00020053,"3,535.20",3535.2
E00020054,"19,274.20",19274.2
E00020064,"6,961.10",6961.1
E00020072,"1,442.20",1442.2
E00020074,"16,447.40",16447.4
E00020079,"10,401.80",10401.8
E00020060,"4,686.50",4686.5
E00020061,"5,420.70",5420.7
E00020063,"61,111.10",61111.1
E00020068,"44,125.00",44125
E00020073,"17,488.40",17488.4
E00020062,"9,658.80",9658.8
E00020066,"32,358.50",32358.5
E00020067,"20,670.70",20670.7
E00020069,"17,878.80",17878.8
E00020071,"22,278.50",22278.5
E00020080,"12,152.80",12152.8
E00020180,"14,015.70",14015.7
E00020182,"24,963.00",24963
E00020184,"14,414.40",14414.4
E00020188,"34,805.20",34805.2
E00019710,"38,157.90",38157.9
E00019713,"20,104.90",20104.9
E00019714,"31,341.50",31341.5
E00177545,"35,945.90",35945.9
E00177613,"17,469.90",17469.9
E00177614,"10,071.40",10071.4
E00020181,"15,819.00",15819
E00020196,"16,463.40",16463.4
E00167510,"22,272.70",22272.7
E00167511,"13,926.90",13926.9
E00167752,"12,606.40",12606.4
E00177586,"53,636.40",53636.4
E00177590,"16,242.40",16242.4
E00020204,"28,074.50",28074.5
E00020206,"5,646.10",5646.1
E00167505,"21,040.00",21040
E00167506,"18,474.60",18474.6
E00167508,"20,267.90",20267.9
E00167513,"18,955.20",18955.2
E00167754,"54,722.20",54722.2
E00168017,"14,535.50",14535.5
E00168018,"14,917.10",14917.1
E00020193,"16,169.20",16169.2
E00020195,"15,505.60",15505.6
E00020199,"18,158.70",18158.7
E00020202,"14,517.00",14517
E00020203,"23,826.50",23826.5
E00020207,"25,430.10",25430.1
E00020208,"32,727.30",32727.3
E00177523,"15,082.00",15082
E00177542,"43,461.50",43461.5
E00177636,"20,884.40",20884.4
E00019716,"16,562.50",16562.5
E00019717,"24,357.80",24357.8
E00019719,"33,134.30",33134.3
E00019720,"8,328.80",8328.8
E00019721,"29,196.40",29196.4
E00019690,"16,201.90",16201.9
E00019705,"11,922.10",11922.1
E00019706,"10,115.60",10115.6
E00019709,"22,260.30",22260.3
E00167975,"27,005.30",27005.3
E00168013,"39,697.00",39697
E00019691,"17,424.20",17424.2
E00019692,"10,441.20",10441.2
E00019707,"21,241.40",21241.4
E00019711,"16,225.20",16225.2
E00019712,"20,162.60",20162.6
E00019718,"29,239.10",29239.1
E00019730,"17,543.90",17543.9
E00019732,"23,609.50",23609.5
E00019733,"9,917.40",9917.4
E00019736,"20,218.60",20218.6
E00019737,"16,000.00",16000
E00019728,"13,481.80",13481.8
E00019758,"27,368.40",27368.4
E00019763,"24,179.90",24179.9
E00019764,"23,893.80",23893.8
E00019765,"38,295.50",38295.5
E00019724,"8,149.60",8149.6
E00019739,"12,483.20",12483.2
E00019743,"6,807.80",6807.8
E00177554,"34,898.00",34898
E00177625,"12,156.90",12156.9
E00177685,"14,206.30",14206.3
E00019725,"21,408.50",21408.5
E00019727,"17,673.50",17673.5
E00019729,"65,471.70",65471.7
E00019731,"17,513.20",17513.2
E00019734,"32,071.00",32071
E00019741,"10,664.50",10664.5
E00019742,"30,781.30",30781.3
E00019745,"20,271.70",20271.7
E00019746,"40,652.20",40652.2
E00177635,"10,169.50",10169.5
E00177642,"24,354.80",24354.8
E00177669,"18,709.70",18709.7
E00019744,"12,423.20",12423.2
E00019747,"10,457.70",10457.7
E00019748,"12,229.50",12229.5
E00019749,"31,388.90",31388.9
E00019750,"23,086.40",23086.4
E00019751,"19,607.80",19607.8
E00019726,"19,500.00",19500
E00019735,"64,933.30",64933.3
E00019756,"14,892.30",14892.3
E00019757,"19,488.60",19488.6
E00019760,"63,797.50",63797.5
E00019723,"9,657.50",9657.5
E00019759,"66,969.70",66969.7
E00019761,"12,926.80",12926.8
E00019762,"7,105.90",7105.9
E00020176,"16,542.60",16542.6
E00020186,"16,077.60",16077.6
E00020194,"29,743.60",29743.6
E00020197,"21,140.90",21140.9
E00020201,"21,125.00",21125
E00020177,"12,970.70",12970.7
E00020190,"14,590.20",14590.2
E00020192,"9,879.20",9879.2
E00177598,"15,096.50",15096.5
E00177603,"7,672.70",7672.7
E00020474,"29,473.70",29473.7
E00020476,"21,375.00",21375
E00020480,"7,129.60",7129.6
E00167684,"8,215.30",8215.3
E00167685,"71,315.80",71315.8
E00177574,"5,635.70",5635.7
E00177584,"3,864.70",3864.7
E00020179,"15,384.60",15384.6
E00020183,"21,082.80",21082.8
E00020185,"20,511.60",20511.6
E00020209,"17,149.80",17149.8
E00020056,"17,750.00",17750
E00020083,"22,142.90",22142.9
E00020200,"8,898.10",8898.1
E00177513,"32,708.30",32708.3
E00177527,"15,639.50",15639.5
E00177652,"24,913.80",24913.8
E00020055,"11,405.20",11405.2
E00020076,"20,047.20",20047.2
E00020078,"8,794.20",8794.2
E00020082,"15,589.10",15589.1
E00020084,"17,699.40",17699.4
E00020141,"17,258.10",17258.1
E00020153,"7,944.60",7944.6
E00020154,"16,431.10",16431.1
E00020155,"17,526.90",17526.9
E00020156,"20,914.30",20914.3
E00020142,"10,976.40",10976.4
E00020157,"16,682.50",16682.5
E00167765,"14,230.80",14230.8
E00177493,"7,260.30",7260.3
E00177551,"16,926.40",16926.4
E00177567,"12,907.00",12907
E00177595,"19,807.70",19807.7
E00177664,"16,639.70",16639.7
E00020158,"17,131.50",17131.5
E00020161,"26,100.00",26100
E00020167,"10,329.30",10329.3
E00168009,"22,857.10",22857.1
E00168024,"21,751.80",21751.8
E00177524,"8,074.50",8074.5
E00177559,"32,337.70",32337.7
E00020144,"10,145.30",10145.3
E00020145,"12,445.80",12445.8
E00020165,"13,264.60",13264.6
E00020166,"11,886.00",11886
E00020168,"13,841.50",13841.5
E00019687,"9,850.30",9850.3
E00019694,"16,634.60",16634.6
E00019695,"14,227.40",14227.4
E00019698,"8,202.80",8202.8
E00019703,"3,770.10",3770.1
E00019685,"8,333.30",8333.3
E00019686,"18,457.90",18457.9
E00019689,"15,542.20",15542.2
E00019700,"12,640.80",12640.8
E00019701,"14,919.80",14919.8
E00019688,"30,297.00",30297
E00019696,"14,285.70",14285.7
E00019697,"21,164.40",21164.4
E00019699,"12,299.50",12299.5
E00019702,"16,351.40",16351.4
E00019704,"28,527.10",28527.1
E00020379,"6,103.90",6103.9
E00020380,"8,275.90",8275.9
E00020381,"10,114.90",10114.9
E00020382,"5,897.40",5897.4
E00020385,"8,594.80",8594.8
E00020377,"9,566.60",9566.6
E00020384,"8,377.10",8377.1
E00020388,"11,581.60",11581.6
E00020390,"12,537.90",12537.9
E00020408,"10,095.20",10095.2
E00020458,"5,993.60",5993.6
E00020483,"6,849.30",6849.3
E00020485,"8,046.70",8046.7
E00020490,"11,702.10",11702.1
E00020491,"10,074.30",10074.3
E00020460,"12,720.00",12720
E00020469,"15,675.70",15675.7
E00020497,"15,592.10",15592.1
E00167682,"11,171.90",11171.9
E00167990,"23,507.50",23507.5
E00177538,"13,972.60",13972.6
E00177604,"14,534.20",14534.2
E00177623,"8,759.90",8759.9
E00020457,"9,439.80",9439.8
E00020484,"10,299.40",10299.4
E00020493,"12,062.50",12062.5
E00020494,"10,546.90",10546.9
E00020495,"10,156.90",10156.9
E00020496,"12,161.00",12161
E00020461,"14,467.20",14467.2
E00020462,"16,022.10",16022.1
E00020464,"14,597.20",14597.2
E00020470,"9,255.30",9255.3
E00020471,"14,390.20",14390.2
E00020473,"12,198.30",12198.3
E00020475,"15,079.40",15079.4
E00020478,"16,472.90",16472.9
E00020479,"17,991.30",17991.3
E00020481,"14,090.90",14090.9
E00020164,"18,385.40",18385.4
E00020169,"13,421.10",13421.1
E00020170,"9,863.00",9863
E00020171,"8,611.10",8611.1
E00020173,"13,122.20",13122.2
E00020174,"14,260.10",14260.1
E00020140,"3,506.60",3506.6
E00020146,"14,694.80",14694.8
E00020148,"17,739.90",17739.9
E00020172,"12,301.60",12301.6
E00020175,"12,311.80",12311.8
E00020210,"15,796.20",15796.2
E00020234,"14,016.40",14016.4
E00020236,"13,825.80",13825.8
E00020238,"18,923.80",18923.8
E00167976,"13,422.10",13422.1
E00167978,"24,500.00",24500
E00020463,"14,655.20",14655.2
E00020465,"17,664.70",17664.7
E00020466,"16,421.10",16421.1
E00020468,"10,383.30",10383.3
E00020472,"7,948.70",7948.7
E00020488,"9,818.20",9818.2
E00020459,"14,930.60",14930.6
E00020482,"8,227.80",8227.8
E00020487,"8,113.60",8113.6
E00020489,"9,514.80",9514.8
E00020492,"15,764.70",15764.7
E00020391,"20,058.50",20058.5
E00020395,"26,288.70",26288.7
E00020398,"33,235.30",33235.3
E00020400,"30,849.10",30849.1
E00020404,"21,824.30",21824.3
E00020401,"10,817.60",10817.6
E00020405,"26,090.90",26090.9
E00020410,"30,555.60",30555.6
E00020411,"13,750.00",13750
E00020412,"12,500.00",12500
E00020375,"7,190.30",7190.3
E00020376,"12,483.90",12483.9
E00020406,"2,913.30",2913.3
E00020409,"11,272.70",11272.7
E00020413,"1,569.80",1569.8
E00020394,"15,338.30",15338.3
E00020399,"34,359.00",34359
E00020403,"12,142.90",12142.9
E00167514,"5,152.40",5152.4
E00168020,"18,032.80",18032.8
E00020383,"4,920.30",4920.3
E00020386,"7,835.60",7835.6
E00020387,"34,912.30",34912.3
E00020389,"7,613.40",7613.4
E00020396,"11,428.60",11428.6
E00019898,"10,984.10",10984.1
E00019900,"12,887.00",12887
E00019901,"5,347.10",5347.1
E00019904,"13,424.70",13424.7
E00019906,"13,399.00",13399
E00167687,"11,428.60",11428.6
E00168021,"12,183.90",12183.9
E00019908,"13,583.30",13583.3
E00019911,"13,196.30",13196.3
E00019912,"13,384.10",13384.1
E00019914,"11,718.80",11718.8
E00019915,"12,539.70",12539.7
E00019917,"16,844.40",16844.4
E00020212,"13,085.10",13085.1
E00020217,"14,720.00",14720
E00020220,"14,529.70",14529.7
E00020221,627.5,627.5
E00020226,"10,934.30",10934.3
E00020216,"11,795.80",11795.8
E00020239,"11,840.00",11840
E00020240,"13,853.70",13853.7
E00020241,"13,903.60",13903.6
E00020243,"18,415.80",18415.8
E00020247,"15,590.10",15590.1
E00020392,"11,401.50",11401.5
E00020393,"10,980.40",10980.4
E00020397,"14,600.00",14600
E00020402,"10,992.10",10992.1
E00020407,"7,412.30",7412.3
E00020147,"2,428.90",2428.9
E00020149,"4,311.90",4311.9
E00020150,"9,125.40",9125.4
E00020151,"8,233.10",8233.1
E00020152,"11,666.70",11666.7
E00020211,"2,293.90",2293.9
E00020213,"16,715.00",16715
E00020214,"14,703.20",14703.2
E00020215,"12,395.40",12395.4
E00020218,"13,783.80",13783.8
E00020219,"1,417.00",1417
E00020246,"9,441.30",9441.3
E00020222,"6,658.90",6658.9
E00020224,"7,134.90",7134.9
E00020227,"2,868.40",2868.4
E00020229,"4,862.10",4862.1
E00020233,"3,534.40",3534.4
E00020235,"3,947.40",3947.4
E00020242,"11,926.90",11926.9
E00020244,"17,477.10",17477.1
E00020245,"42,021.30",42021.3
E00020248,"5,411.30",5411.3
E00019888,"8,908.50",8908.5
E00019902,"14,420.30",14420.3
E00019903,"12,343.80",12343.8
E00019905,"12,929.30",12929.3
E00019913,"14,545.50",14545.5
E00019907,"18,255.80",18255.8
E00019909,"14,146.30",14146.3
E00019910,"14,711.50",14711.5
E00019916,"14,805.80",14805.8
E00019920,"17,821.20",17821.2
E00019886,"23,923.40",23923.4
E00019889,"13,085.50",13085.5
E00019890,"15,110.10",15110.1
E00019891,"16,875.00",16875
E00019918,"12,713.20",12713.2
E00020504,"14,325.60",14325.6
E00020506,"16,230.80",16230.8
E00020508,"8,113.20",8113.2
E00020509,"18,175.70",18175.7
E00020511,"8,571.40",8571.4
E00020512,"6,137.80",6137.8
E00020521,"9,643.90",9643.9
E00020522,"2,725.10",2725.1
E00020526,"11,006.10",11006.1
E00020527,"8,574.90",8574.9
E00020498,"2,266.20",2266.2
E00020499,"1,416.90",1416.9
E00020501,"2,116.80",2116.8
E00020503,829.6,829.6
E00020505,"6,925.30",6925.3
E00020507,"6,242.30",6242.3
E00020516,"6,168.20",6168.2
E00020517,"12,848.30",12848.3
E00020519,"3,151.60",3151.6
E00020510,"11,897.80",11897.8
E00020513,"14,886.40",14886.4
E00020514,"16,337.40",16337.4
E00020515,"12,552.40",12552.4
E00020520,"4,498.40",4498.4
E00020518,"8,360.70",8360.7
E00020523,"5,930.40",5930.4
E00020524,"5,154.20",5154.2
E00020529,"2,751.80",2751.8
E00020500,"6,519.80",6519.8
E00020502,"1,286.70",1286.7
E00020525,"7,366.00",7366
E00020528,"2,516.00",2516
E00020530,"4,632.90",4632.9
E00019849,"9,475.20",9475.2
E00019850,"6,893.20",6893.2
E00019851,"7,004.30",7004.3
E00019866,"8,438.30",8438.3
E00167762,"12,456.90",12456.9
E00167996,"7,832.80",7832.8
E00019864,"11,423.20",11423.2
E00019865,"8,953.70",8953.7
E00019867,"11,631.70",11631.7
E00019869,"2,500.00",2500
E00019870,"20,632.90",20632.9
E00019887,"9,237.30",9237.3
E00019893,"13,132.90",13132.9
E00019919,"13,601.70",13601.7
E00019921,"7,500.00",7500
E00019922,"10,995.00",10995
E00019892,"13,216.80",13216.8
E00019894,"12,676.90",12676.9
E00019895,"18,169.00",18169
E00019896,"7,964.20",7964.2
E00019897,"12,593.80",12593.8
E00020223,"7,591.40",7591.4
E00020225,"11,732.30",11732.3
E00020228,"6,038.10",6038.1
E00020230,"11,319.10",11319.1
E00020231,"3,192.40",3192.4
E00020232,"12,910.40",12910.4
E00019852,"3,419.60",3419.6
E00019853,943.8,943.8
E00019854,"3,572.20",3572.2
E00019872,"1,766.80",1766.8
E00019878,"3,359.30",3359.3
E00019855,"11,359.20",11359.2
E00019856,"3,506.50",3506.5
E00019857,"6,027.40",6027.4
E00019876,"3,366.30",3366.3
E00019879,"2,539.70",2539.7
E00019885,"5,497.80",5497.8
E00019880,"10,697.70",10697.7
E00019881,"6,837.10",6837.1
E00019882,"15,927.20",15927.2
E00019883,"9,680.90",9680.9
E00019884,"15,979.90",15979.9
E00019858,"8,841.00",8841
E00019859,"3,802.00",3802
E00019860,"8,262.20",8262.2
E00019861,"19,514.60",19514.6
E00019862,"8,832.60",8832.6
E00019863,"3,947.40",3947.4
E00019871,"3,270.30",3270.3
E00019873,460.4,460.4
E00019874,"16,326.50",16326.5
E00019875,"5,386.30",5386.3
E00019877,"3,008.00",3008
E00019796,"17,165.40",17165.4
E00019807,"7,940.30",7940.3
E00167482,"18,805.50",18805.5
E00167503,"22,903.20",22903.2
E00177550,"43,821.10",43821.1
E00177633,"13,421.10",13421.1
E00177640,"44,347.80",44347.8
E00019767,"24,880.00",24880
E00019769,"25,500.00",25500
E00019770,"22,285.70",22285.7
E00019801,"5,344.10",5344.1
E00019806,"22,197.00",22197
E00019766,"3,246.00",3246
E00019768,"7,130.20",7130.2
E00019772,"19,112.40",19112.4
E00167998,"24,174.50",24174.5
E00177593,"4,346.50",4346.5
E00177659,"48,219.20",48219.2
E00019787,"42,777.80",42777.8
E00019788,"9,556.20",9556.2
E00019793,"4,583.30",4583.3
E00165809,"16,186.40",16186.4
E00177560,"41,792.50",41792.5
E00177678,"11,585.40",11585.4
E00019800,"11,077.60",11077.6
E00019802,"40,461.50",40461.5
E00019804,"37,428.60",37428.6
E00019805,"7,711.90",7711.9
E00165808,"19,932.00",19932
E00020267,"66,153.80",66153.8
E00166629,"17,065.90",17065.9
E00167477,"24,359.00",24359
E00167483,"44,754.10",44754.1
E00167681,"18,000.00",18000
E00020268,"26,271.20",26271.2
E00020269,"24,251.50",24251.5
E00166641,"36,250.00",36250
E00167519,"29,838.70",29838.7
E00167678,"25,666.70",25666.7
E00020260,"15,362.30",15362.3
E00020262,"35,600.00",35600
E00167485,"37,777.80",37777.8
E00167679,"10,930.20",10930.2
E00167688,"37,878.80",37878.8
E00167751,"95,294.10",95294.1
E00020259,"18,507.50",18507.5
E00020261,"58,043.50",58043.5
E00020270,"26,111.10",26111.1
E00020271,"36,938.80",36938.8
E00020263,"20,803.60",20803.6
E00177520,"10,693.10",10693.1
E00177539,"6,480.00",6480
E00177558,"21,410.30",21410.3
E00177681,"1,575.00",1575
E00020011,"14,929.60",14929.6
E00020037,"20,510.20",20510.2
E00020043,"27,659.60",27659.6
E00020046,"24,475.50",24475.5
E00020048,"21,884.10",21884.1
E00177576,"22,291.70",22291.7
E00177583,"14,275.40",14275.4
E00177643,"19,913.00",19913
E00020034,"15,859.90",15859.9
E00020035,"9,929.60",9929.6
E00167490,"13,281.90",13281.9
E00167982,"10,111.10",10111.1
E00168026,"7,426.20",7426.2
E00168029,"25,178.60",25178.6
E00020010,"11,653.80",11653.8
E00020041,"79,714.30",79714.3
E00167987,"51,839.10",51839.1
E00168023,"29,444.40",29444.4
E00168027,"15,522.40",15522.4
E00020264,"8,325.50",8325.5
E00020266,"22,368.40",22368.4
E00020275,"25,111.10",25111.1
E00020278,"15,050.50",15050.5
